date,running_total
Mon Jan 18 2016 22:29:22 GMT-0800 (PST),3
Tue Jan 19 2016 16:24:45 GMT-0800 (PST),4
Sun Jan 24 2016 16:19:09 GMT-0800 (PST),5
Sun Jan 24 2016 16:21:14 GMT-0800 (PST),6
Sun Jan 24 2016 17:45:44 GMT-0800 (PST),9
Sun Jan 24 2016 21:06:38 GMT-0800 (PST),29
Sun Jan 24 2016 21:12:06 GMT-0800 (PST),49
Sun Jan 24 2016 21:14:17 GMT-0800 (PST),50
Sun Jan 24 2016 21:15:02 GMT-0800 (PST),51
Sun Jan 24 2016 21:15:40 GMT-0800 (PST),52
Sun Jan 24 2016 21:17:11 GMT-0800 (PST),53
Sun Jan 24 2016 21:20:43 GMT-0800 (PST),56
Sun Jan 24 2016 22:06:42 GMT-0800 (PST),57
Sun Jan 24 2016 22:15:42 GMT-0800 (PST),58
Sun Jan 24 2016 22:15:43 GMT-0800 (PST),59
Sun Jan 24 2016 22:18:22 GMT-0800 (PST),60
Sun Jan 24 2016 22:28:06 GMT-0800 (PST),61
Sun Jan 24 2016 22:29:38 GMT-0800 (PST),62
Sun Jan 24 2016 22:41:36 GMT-0800 (PST),63
Sun Jan 24 2016 23:32:47 GMT-0800 (PST),64
Sun Jan 24 2016 23:33:38 GMT-0800 (PST),65
Sun Jan 24 2016 23:33:40 GMT-0800 (PST),66
Sun Jan 24 2016 23:33:46 GMT-0800 (PST),67
Sun Jan 24 2016 23:33:53 GMT-0800 (PST),68
Sun Jan 24 2016 23:33:55 GMT-0800 (PST),69
Sun Jan 24 2016 23:33:58 GMT-0800 (PST),70
Sun Jan 24 2016 23:34:43 GMT-0800 (PST),71
Mon Jan 25 2016 00:03:09 GMT-0800 (PST),72
Mon Jan 25 2016 00:03:10 GMT-0800 (PST),73
Mon Jan 25 2016 08:58:35 GMT-0800 (PST),74
Mon Jan 25 2016 08:59:59 GMT-0800 (PST),77
Mon Jan 25 2016 09:01:35 GMT-0800 (PST),78
Mon Jan 25 2016 09:04:38 GMT-0800 (PST),81
Mon Jan 25 2016 10:14:36 GMT-0800 (PST),82
Mon Jan 25 2016 10:14:38 GMT-0800 (PST),83
Mon Jan 25 2016 10:20:37 GMT-0800 (PST),84
Mon Jan 25 2016 10:20:38 GMT-0800 (PST),85
Mon Jan 25 2016 12:15:03 GMT-0800 (PST),86
Mon Jan 25 2016 15:51:07 GMT-0800 (PST),87
Mon Jan 25 2016 18:58:38 GMT-0800 (PST),88
Mon Jan 25 2016 18:58:40 GMT-0800 (PST),89
Mon Jan 25 2016 19:26:20 GMT-0800 (PST),90
Mon Jan 25 2016 19:26:21 GMT-0800 (PST),91
Mon Jan 25 2016 22:45:39 GMT-0800 (PST),92
Mon Jan 25 2016 22:47:50 GMT-0800 (PST),93
Mon Jan 25 2016 22:47:52 GMT-0800 (PST),94
Mon Jan 25 2016 23:09:17 GMT-0800 (PST),95
Tue Jan 26 2016 09:20:38 GMT-0800 (PST),96
Tue Jan 26 2016 09:20:39 GMT-0800 (PST),97
Tue Jan 26 2016 09:22:42 GMT-0800 (PST),98
Tue Jan 26 2016 09:22:43 GMT-0800 (PST),99
Tue Jan 26 2016 09:32:49 GMT-0800 (PST),100
Tue Jan 26 2016 09:32:50 GMT-0800 (PST),101
Tue Jan 26 2016 09:33:52 GMT-0800 (PST),102
Tue Jan 26 2016 09:33:54 GMT-0800 (PST),103
Tue Jan 26 2016 09:49:25 GMT-0800 (PST),104
Tue Jan 26 2016 09:49:25 GMT-0800 (PST),105
Tue Jan 26 2016 10:16:46 GMT-0800 (PST),106
Tue Jan 26 2016 10:16:49 GMT-0800 (PST),107
Tue Jan 26 2016 10:47:27 GMT-0800 (PST),108
Tue Jan 26 2016 10:47:32 GMT-0800 (PST),109
Tue Jan 26 2016 11:05:30 GMT-0800 (PST),110
Tue Jan 26 2016 11:06:26 GMT-0800 (PST),111
Tue Jan 26 2016 11:07:18 GMT-0800 (PST),112
Tue Jan 26 2016 11:19:49 GMT-0800 (PST),113
Tue Jan 26 2016 11:25:03 GMT-0800 (PST),114
Tue Jan 26 2016 11:26:39 GMT-0800 (PST),115
Tue Jan 26 2016 11:26:45 GMT-0800 (PST),116
Tue Jan 26 2016 11:52:02 GMT-0800 (PST),119
Tue Jan 26 2016 12:30:04 GMT-0800 (PST),120
Tue Jan 26 2016 12:30:57 GMT-0800 (PST),121
Tue Jan 26 2016 15:10:26 GMT-0800 (PST),122
Wed Jan 27 2016 15:28:30 GMT-0800 (PST),123
Wed Jan 27 2016 15:28:32 GMT-0800 (PST),124
Wed Jan 27 2016 15:28:36 GMT-0800 (PST),125
Wed Jan 27 2016 15:28:47 GMT-0800 (PST),126
Wed Jan 27 2016 15:30:59 GMT-0800 (PST),129
Thu Jan 28 2016 09:19:52 GMT-0800 (PST),130
Thu Jan 28 2016 11:02:09 GMT-0800 (PST),133
Thu Jan 28 2016 11:02:37 GMT-0800 (PST),134
Thu Jan 28 2016 11:07:53 GMT-0800 (PST),137
Thu Jan 28 2016 11:54:13 GMT-0800 (PST),138
Thu Jan 28 2016 11:57:52 GMT-0800 (PST),139
Fri Jan 29 2016 16:23:19 GMT-0800 (PST),140
Fri Jan 29 2016 16:27:20 GMT-0800 (PST),143
Fri Jan 29 2016 18:07:06 GMT-0800 (PST),163
Fri Jan 29 2016 18:16:05 GMT-0800 (PST),164
Fri Jan 29 2016 18:19:06 GMT-0800 (PST),165
Sat Jan 30 2016 12:14:05 GMT-0800 (PST),166
Sat Jan 30 2016 13:42:02 GMT-0800 (PST),167
Sat Jan 30 2016 13:42:10 GMT-0800 (PST),168
Sat Jan 30 2016 14:09:29 GMT-0800 (PST),169
Sat Jan 30 2016 14:09:29 GMT-0800 (PST),172
Sat Jan 30 2016 14:12:35 GMT-0800 (PST),173
Sat Jan 30 2016 14:15:30 GMT-0800 (PST),176
Sat Jan 30 2016 14:41:23 GMT-0800 (PST),177
Sat Jan 30 2016 14:43:07 GMT-0800 (PST),180
Sat Jan 30 2016 15:27:50 GMT-0800 (PST),181
Sat Jan 30 2016 16:48:43 GMT-0800 (PST),182
Sat Jan 30 2016 17:22:11 GMT-0800 (PST),183
Sat Jan 30 2016 17:22:45 GMT-0800 (PST),184
Sat Jan 30 2016 17:44:04 GMT-0800 (PST),185
Sat Jan 30 2016 19:30:09 GMT-0800 (PST),186
Sat Jan 30 2016 20:52:10 GMT-0800 (PST),187
Sun Jan 31 2016 00:29:54 GMT-0800 (PST),188
Sun Jan 31 2016 12:17:57 GMT-0800 (PST),189
Sun Jan 31 2016 15:07:23 GMT-0800 (PST),190
Sun Jan 31 2016 16:18:02 GMT-0800 (PST),191
Sun Jan 31 2016 16:18:02 GMT-0800 (PST),194
Sun Jan 31 2016 16:19:25 GMT-0800 (PST),195
Sun Jan 31 2016 16:24:03 GMT-0800 (PST),196
Sun Jan 31 2016 16:26:16 GMT-0800 (PST),199
Sun Jan 31 2016 17:44:43 GMT-0800 (PST),200
Sun Jan 31 2016 17:51:24 GMT-0800 (PST),203
Sun Jan 31 2016 19:22:49 GMT-0800 (PST),204
Sun Jan 31 2016 19:36:21 GMT-0800 (PST),205
Sun Jan 31 2016 19:42:41 GMT-0800 (PST),206
Sun Jan 31 2016 21:27:01 GMT-0800 (PST),207
Mon Feb 01 2016 00:20:21 GMT-0800 (PST),208
Mon Feb 01 2016 08:44:31 GMT-0800 (PST),209
Mon Feb 01 2016 08:45:09 GMT-0800 (PST),212
Mon Feb 01 2016 09:18:23 GMT-0800 (PST),213
Mon Feb 01 2016 09:25:37 GMT-0800 (PST),214
Mon Feb 01 2016 15:16:15 GMT-0800 (PST),215
Mon Feb 01 2016 15:18:11 GMT-0800 (PST),218
Mon Feb 01 2016 15:19:06 GMT-0800 (PST),219
Mon Feb 01 2016 15:21:48 GMT-0800 (PST),222
Mon Feb 01 2016 18:08:28 GMT-0800 (PST),223
Mon Feb 01 2016 19:09:06 GMT-0800 (PST),224
Mon Feb 01 2016 21:50:42 GMT-0800 (PST),225
Mon Feb 01 2016 21:50:43 GMT-0800 (PST),226
Mon Feb 01 2016 21:50:45 GMT-0800 (PST),227
Mon Feb 01 2016 21:51:10 GMT-0800 (PST),228
Mon Feb 01 2016 21:51:11 GMT-0800 (PST),229
Mon Feb 01 2016 21:51:13 GMT-0800 (PST),230
Mon Feb 01 2016 21:51:14 GMT-0800 (PST),231
Mon Feb 01 2016 21:51:17 GMT-0800 (PST),232
Mon Feb 01 2016 21:51:18 GMT-0800 (PST),233
Mon Feb 01 2016 21:51:20 GMT-0800 (PST),234
Mon Feb 01 2016 21:51:49 GMT-0800 (PST),235
Mon Feb 01 2016 21:51:55 GMT-0800 (PST),236
Mon Feb 01 2016 21:51:55 GMT-0800 (PST),237
Mon Feb 01 2016 21:51:56 GMT-0800 (PST),238
Mon Feb 01 2016 21:51:58 GMT-0800 (PST),239
Mon Feb 01 2016 21:51:59 GMT-0800 (PST),240
Mon Feb 01 2016 21:52:03 GMT-0800 (PST),241
Mon Feb 01 2016 21:52:04 GMT-0800 (PST),242
Mon Feb 01 2016 21:52:05 GMT-0800 (PST),243
Mon Feb 01 2016 21:52:07 GMT-0800 (PST),244
Mon Feb 01 2016 21:52:09 GMT-0800 (PST),245
Mon Feb 01 2016 21:52:10 GMT-0800 (PST),246
Mon Feb 01 2016 21:52:11 GMT-0800 (PST),247
Mon Feb 01 2016 21:52:12 GMT-0800 (PST),248
Mon Feb 01 2016 21:52:13 GMT-0800 (PST),249
Mon Feb 01 2016 21:52:14 GMT-0800 (PST),250
Mon Feb 01 2016 21:52:16 GMT-0800 (PST),251
Mon Feb 01 2016 21:52:18 GMT-0800 (PST),252
Mon Feb 01 2016 21:52:21 GMT-0800 (PST),253
Mon Feb 01 2016 21:52:23 GMT-0800 (PST),254
Mon Feb 01 2016 21:52:24 GMT-0800 (PST),255
Mon Feb 01 2016 21:52:26 GMT-0800 (PST),256
Mon Feb 01 2016 21:52:27 GMT-0800 (PST),257
Mon Feb 01 2016 21:52:28 GMT-0800 (PST),258
Mon Feb 01 2016 21:52:30 GMT-0800 (PST),259
Mon Feb 01 2016 21:52:31 GMT-0800 (PST),260
Mon Feb 01 2016 21:52:32 GMT-0800 (PST),261
Mon Feb 01 2016 21:52:33 GMT-0800 (PST),262
Mon Feb 01 2016 21:52:34 GMT-0800 (PST),263
Mon Feb 01 2016 21:52:38 GMT-0800 (PST),264
Mon Feb 01 2016 21:52:39 GMT-0800 (PST),265
Mon Feb 01 2016 21:52:43 GMT-0800 (PST),266
Mon Feb 01 2016 21:52:46 GMT-0800 (PST),267
Mon Feb 01 2016 21:52:47 GMT-0800 (PST),268
Mon Feb 01 2016 21:52:49 GMT-0800 (PST),269
Mon Feb 01 2016 21:52:49 GMT-0800 (PST),270
Mon Feb 01 2016 21:52:51 GMT-0800 (PST),271
Mon Feb 01 2016 21:52:52 GMT-0800 (PST),272
Mon Feb 01 2016 21:53:01 GMT-0800 (PST),273
Mon Feb 01 2016 21:53:23 GMT-0800 (PST),274
Mon Feb 01 2016 21:53:24 GMT-0800 (PST),275
Mon Feb 01 2016 21:53:24 GMT-0800 (PST),276
Mon Feb 01 2016 21:53:26 GMT-0800 (PST),277
Mon Feb 01 2016 21:53:27 GMT-0800 (PST),278
Mon Feb 01 2016 21:53:27 GMT-0800 (PST),279
Mon Feb 01 2016 21:53:29 GMT-0800 (PST),280
Mon Feb 01 2016 21:53:30 GMT-0800 (PST),281
Mon Feb 01 2016 21:53:31 GMT-0800 (PST),282
Mon Feb 01 2016 21:53:32 GMT-0800 (PST),283
Mon Feb 01 2016 21:53:54 GMT-0800 (PST),284
Mon Feb 01 2016 21:53:56 GMT-0800 (PST),285
Mon Feb 01 2016 21:53:57 GMT-0800 (PST),286
Mon Feb 01 2016 21:53:58 GMT-0800 (PST),287
Mon Feb 01 2016 22:07:09 GMT-0800 (PST),288
Tue Feb 02 2016 09:31:03 GMT-0800 (PST),289
Tue Feb 02 2016 10:03:51 GMT-0800 (PST),290
Tue Feb 02 2016 10:52:04 GMT-0800 (PST),291
Tue Feb 02 2016 11:48:41 GMT-0800 (PST),292
Tue Feb 02 2016 11:49:13 GMT-0800 (PST),293
Tue Feb 02 2016 17:47:10 GMT-0800 (PST),294
Tue Feb 02 2016 22:15:10 GMT-0800 (PST),295
Tue Feb 02 2016 22:15:11 GMT-0800 (PST),296
Tue Feb 02 2016 22:15:13 GMT-0800 (PST),297
Tue Feb 02 2016 22:15:14 GMT-0800 (PST),298
Thu Feb 04 2016 10:41:05 GMT-0800 (PST),299
Thu Feb 04 2016 10:52:31 GMT-0800 (PST),300
Fri Feb 05 2016 10:47:36 GMT-0800 (PST),301
Fri Feb 05 2016 13:56:17 GMT-0800 (PST),302
Sat Feb 06 2016 16:39:12 GMT-0800 (PST),303
Sat Feb 06 2016 16:39:14 GMT-0800 (PST),304
Sat Feb 06 2016 17:09:42 GMT-0800 (PST),307
Sat Feb 06 2016 18:21:13 GMT-0800 (PST),308
Sat Feb 06 2016 21:56:53 GMT-0800 (PST),328
Sat Feb 06 2016 22:07:34 GMT-0800 (PST),329
Sat Feb 06 2016 22:25:27 GMT-0800 (PST),330
Sun Feb 07 2016 00:29:18 GMT-0800 (PST),331
Sun Feb 07 2016 00:35:57 GMT-0800 (PST),332
Sun Feb 07 2016 00:50:56 GMT-0800 (PST),333
Sun Feb 07 2016 01:21:07 GMT-0800 (PST),334
Sun Feb 07 2016 01:27:47 GMT-0800 (PST),335
Sun Feb 07 2016 07:30:45 GMT-0800 (PST),336
Sun Feb 07 2016 09:24:11 GMT-0800 (PST),337
Sun Feb 07 2016 09:24:12 GMT-0800 (PST),338
Sun Feb 07 2016 10:09:29 GMT-0800 (PST),339
Sun Feb 07 2016 11:10:59 GMT-0800 (PST),340
Sun Feb 07 2016 11:20:12 GMT-0800 (PST),341
Sun Feb 07 2016 11:22:08 GMT-0800 (PST),344
Sun Feb 07 2016 11:22:11 GMT-0800 (PST),345
Sun Feb 07 2016 11:26:15 GMT-0800 (PST),346
Sun Feb 07 2016 11:26:15 GMT-0800 (PST),349
Sun Feb 07 2016 11:27:26 GMT-0800 (PST),350
Sun Feb 07 2016 11:27:26 GMT-0800 (PST),353
Sun Feb 07 2016 11:55:59 GMT-0800 (PST),354
Sun Feb 07 2016 11:57:17 GMT-0800 (PST),355
Sun Feb 07 2016 14:52:20 GMT-0800 (PST),356
Sun Feb 07 2016 16:51:19 GMT-0800 (PST),357
Sun Feb 07 2016 17:06:25 GMT-0800 (PST),358
Sun Feb 07 2016 17:07:57 GMT-0800 (PST),359
Sun Feb 07 2016 17:31:50 GMT-0800 (PST),360
Sun Feb 07 2016 17:33:49 GMT-0800 (PST),361
Sun Feb 07 2016 18:21:25 GMT-0800 (PST),362
Sun Feb 07 2016 18:22:13 GMT-0800 (PST),363
Sun Feb 07 2016 18:22:14 GMT-0800 (PST),364
Sun Feb 07 2016 18:31:51 GMT-0800 (PST),365
Sun Feb 07 2016 19:12:45 GMT-0800 (PST),366
Sun Feb 07 2016 19:13:16 GMT-0800 (PST),369
Sun Feb 07 2016 19:14:02 GMT-0800 (PST),370
Sun Feb 07 2016 19:14:02 GMT-0800 (PST),373
Sun Feb 07 2016 19:14:14 GMT-0800 (PST),374
Sun Feb 07 2016 19:27:41 GMT-0800 (PST),375
Sun Feb 07 2016 19:27:57 GMT-0800 (PST),376
Sun Feb 07 2016 20:33:23 GMT-0800 (PST),377
Sun Feb 07 2016 20:55:23 GMT-0800 (PST),378
Sun Feb 07 2016 21:07:37 GMT-0800 (PST),379
Sun Feb 07 2016 21:26:39 GMT-0800 (PST),380
Sun Feb 07 2016 22:13:55 GMT-0800 (PST),381
Sun Feb 07 2016 22:16:19 GMT-0800 (PST),382
Sun Feb 07 2016 23:35:28 GMT-0800 (PST),383
Sun Feb 07 2016 23:35:36 GMT-0800 (PST),384
Sun Feb 07 2016 23:48:28 GMT-0800 (PST),385
Mon Feb 08 2016 00:01:16 GMT-0800 (PST),386
Mon Feb 08 2016 00:39:25 GMT-0800 (PST),387
Mon Feb 08 2016 06:11:46 GMT-0800 (PST),388
Mon Feb 08 2016 08:51:20 GMT-0800 (PST),389
Mon Feb 08 2016 09:17:31 GMT-0800 (PST),390
Mon Feb 08 2016 09:42:37 GMT-0800 (PST),391
Mon Feb 08 2016 09:42:38 GMT-0800 (PST),392
Mon Feb 08 2016 09:42:38 GMT-0800 (PST),393
Mon Feb 08 2016 09:42:39 GMT-0800 (PST),394
Mon Feb 08 2016 09:42:40 GMT-0800 (PST),395
Mon Feb 08 2016 09:42:41 GMT-0800 (PST),396
Mon Feb 08 2016 09:42:42 GMT-0800 (PST),397
Mon Feb 08 2016 09:42:44 GMT-0800 (PST),398
Mon Feb 08 2016 09:42:44 GMT-0800 (PST),399
Mon Feb 08 2016 09:42:45 GMT-0800 (PST),400
Mon Feb 08 2016 09:42:46 GMT-0800 (PST),401
Mon Feb 08 2016 09:42:47 GMT-0800 (PST),402
Mon Feb 08 2016 09:42:47 GMT-0800 (PST),403
Mon Feb 08 2016 09:42:48 GMT-0800 (PST),404
Mon Feb 08 2016 09:42:49 GMT-0800 (PST),405
Mon Feb 08 2016 09:42:53 GMT-0800 (PST),406
Mon Feb 08 2016 09:42:54 GMT-0800 (PST),407
Mon Feb 08 2016 09:42:55 GMT-0800 (PST),408
Mon Feb 08 2016 09:42:57 GMT-0800 (PST),409
Mon Feb 08 2016 09:44:25 GMT-0800 (PST),412
Mon Feb 08 2016 09:47:53 GMT-0800 (PST),415
Mon Feb 08 2016 09:49:49 GMT-0800 (PST),416
Mon Feb 08 2016 09:49:49 GMT-0800 (PST),419
Mon Feb 08 2016 10:25:20 GMT-0800 (PST),420
Mon Feb 08 2016 15:26:09 GMT-0800 (PST),421
Mon Feb 08 2016 15:27:30 GMT-0800 (PST),422
Mon Feb 08 2016 16:47:11 GMT-0800 (PST),423
Mon Feb 08 2016 18:23:23 GMT-0800 (PST),424
Mon Feb 08 2016 18:24:04 GMT-0800 (PST),425
Mon Feb 08 2016 18:25:09 GMT-0800 (PST),426
Mon Feb 08 2016 18:49:09 GMT-0800 (PST),427
Mon Feb 08 2016 20:48:03 GMT-0800 (PST),428
Mon Feb 08 2016 20:51:07 GMT-0800 (PST),429
Mon Feb 08 2016 21:12:38 GMT-0800 (PST),430
Mon Feb 08 2016 21:12:39 GMT-0800 (PST),431
Mon Feb 08 2016 21:12:41 GMT-0800 (PST),432
Mon Feb 08 2016 21:12:42 GMT-0800 (PST),433
Mon Feb 08 2016 21:12:44 GMT-0800 (PST),434
Mon Feb 08 2016 23:07:52 GMT-0800 (PST),435
Mon Feb 08 2016 23:54:57 GMT-0800 (PST),436
Tue Feb 09 2016 00:34:25 GMT-0800 (PST),437
Tue Feb 09 2016 01:08:50 GMT-0800 (PST),438
Tue Feb 09 2016 01:09:49 GMT-0800 (PST),439
Tue Feb 09 2016 09:06:05 GMT-0800 (PST),440
Tue Feb 09 2016 09:13:42 GMT-0800 (PST),441
Tue Feb 09 2016 09:21:42 GMT-0800 (PST),442
Tue Feb 09 2016 09:36:18 GMT-0800 (PST),443
Tue Feb 09 2016 09:39:41 GMT-0800 (PST),444
Tue Feb 09 2016 10:18:19 GMT-0800 (PST),445
Tue Feb 09 2016 10:22:11 GMT-0800 (PST),446
Tue Feb 09 2016 10:23:51 GMT-0800 (PST),447
Tue Feb 09 2016 10:26:12 GMT-0800 (PST),448
Tue Feb 09 2016 11:24:00 GMT-0800 (PST),449
Tue Feb 09 2016 11:24:01 GMT-0800 (PST),450
Tue Feb 09 2016 11:24:02 GMT-0800 (PST),451
Tue Feb 09 2016 11:24:03 GMT-0800 (PST),452
Tue Feb 09 2016 11:24:06 GMT-0800 (PST),453
Tue Feb 09 2016 11:24:07 GMT-0800 (PST),454
Tue Feb 09 2016 11:24:08 GMT-0800 (PST),455
Tue Feb 09 2016 11:24:09 GMT-0800 (PST),456
Tue Feb 09 2016 11:24:10 GMT-0800 (PST),457
Tue Feb 09 2016 11:24:11 GMT-0800 (PST),458
Tue Feb 09 2016 11:24:13 GMT-0800 (PST),459
Tue Feb 09 2016 11:24:14 GMT-0800 (PST),460
Tue Feb 09 2016 11:24:16 GMT-0800 (PST),461
Tue Feb 09 2016 11:24:19 GMT-0800 (PST),462
Tue Feb 09 2016 11:24:20 GMT-0800 (PST),463
Tue Feb 09 2016 11:50:57 GMT-0800 (PST),464
Tue Feb 09 2016 11:51:01 GMT-0800 (PST),465
Tue Feb 09 2016 12:18:54 GMT-0800 (PST),466
Tue Feb 09 2016 19:58:18 GMT-0800 (PST),469
Tue Feb 09 2016 20:00:48 GMT-0800 (PST),472
Wed Feb 10 2016 16:35:59 GMT-0800 (PST),473
Wed Feb 10 2016 16:35:59 GMT-0800 (PST),476
Wed Feb 10 2016 16:39:22 GMT-0800 (PST),477
Wed Feb 10 2016 16:39:22 GMT-0800 (PST),480
Wed Feb 10 2016 16:42:09 GMT-0800 (PST),481
Wed Feb 10 2016 16:42:09 GMT-0800 (PST),484
Thu Feb 11 2016 01:08:42 GMT-0800 (PST),485
Thu Feb 11 2016 09:28:05 GMT-0800 (PST),486
Thu Feb 11 2016 10:48:34 GMT-0800 (PST),487
Thu Feb 11 2016 23:43:20 GMT-0800 (PST),488
Fri Feb 12 2016 00:02:49 GMT-0800 (PST),491
Fri Feb 12 2016 10:27:03 GMT-0800 (PST),492
Fri Feb 12 2016 11:25:16 GMT-0800 (PST),493
Fri Feb 12 2016 11:25:18 GMT-0800 (PST),494
Fri Feb 12 2016 11:25:19 GMT-0800 (PST),495
Fri Feb 12 2016 12:09:22 GMT-0800 (PST),515
Fri Feb 12 2016 12:53:18 GMT-0800 (PST),516
Fri Feb 12 2016 13:19:24 GMT-0800 (PST),517
Fri Feb 12 2016 17:54:52 GMT-0800 (PST),518
Fri Feb 12 2016 21:47:14 GMT-0800 (PST),519
Sat Feb 13 2016 16:22:40 GMT-0800 (PST),520
Sat Feb 13 2016 16:24:53 GMT-0800 (PST),521
Sat Feb 13 2016 16:38:42 GMT-0800 (PST),522
Sat Feb 13 2016 18:20:47 GMT-0800 (PST),523
Sun Feb 14 2016 08:25:38 GMT-0800 (PST),524
Sun Feb 14 2016 08:34:27 GMT-0800 (PST),525
Sun Feb 14 2016 09:04:40 GMT-0800 (PST),526
Sun Feb 14 2016 09:04:42 GMT-0800 (PST),527
Sun Feb 14 2016 09:04:43 GMT-0800 (PST),528
Sun Feb 14 2016 09:04:46 GMT-0800 (PST),529
Sun Feb 14 2016 09:04:47 GMT-0800 (PST),530
Sun Feb 14 2016 09:04:49 GMT-0800 (PST),531
Sun Feb 14 2016 09:04:50 GMT-0800 (PST),532
Sun Feb 14 2016 09:05:23 GMT-0800 (PST),533
Sun Feb 14 2016 09:05:23 GMT-0800 (PST),536
Sun Feb 14 2016 14:59:01 GMT-0800 (PST),537
Sun Feb 14 2016 15:01:25 GMT-0800 (PST),540
Sun Feb 14 2016 15:04:17 GMT-0800 (PST),543
Sun Feb 14 2016 17:05:22 GMT-0800 (PST),544
Sun Feb 14 2016 17:43:53 GMT-0800 (PST),545
Sun Feb 14 2016 17:43:55 GMT-0800 (PST),546
Sun Feb 14 2016 18:25:51 GMT-0800 (PST),547
Sun Feb 14 2016 21:06:49 GMT-0800 (PST),548
Sun Feb 14 2016 23:23:26 GMT-0800 (PST),549
Mon Feb 15 2016 00:16:34 GMT-0800 (PST),550
Mon Feb 15 2016 05:57:03 GMT-0800 (PST),551
Mon Feb 15 2016 06:35:04 GMT-0800 (PST),552
Mon Feb 15 2016 09:06:54 GMT-0800 (PST),553
Mon Feb 15 2016 12:09:33 GMT-0800 (PST),554
Mon Feb 15 2016 15:48:03 GMT-0800 (PST),555
Mon Feb 15 2016 15:48:06 GMT-0800 (PST),556
Mon Feb 15 2016 15:48:10 GMT-0800 (PST),557
Mon Feb 15 2016 15:48:11 GMT-0800 (PST),558
Mon Feb 15 2016 15:48:16 GMT-0800 (PST),559
Mon Feb 15 2016 15:48:17 GMT-0800 (PST),560
Mon Feb 15 2016 15:56:50 GMT-0800 (PST),561
Mon Feb 15 2016 17:03:38 GMT-0800 (PST),562
Mon Feb 15 2016 22:13:21 GMT-0800 (PST),563
Tue Feb 16 2016 00:48:04 GMT-0800 (PST),564
Tue Feb 16 2016 09:09:14 GMT-0800 (PST),565
Tue Feb 16 2016 09:20:18 GMT-0800 (PST),566
Tue Feb 16 2016 09:21:20 GMT-0800 (PST),567
Tue Feb 16 2016 09:45:46 GMT-0800 (PST),568
Tue Feb 16 2016 10:46:36 GMT-0800 (PST),569
Tue Feb 16 2016 10:46:38 GMT-0800 (PST),570
Tue Feb 16 2016 10:46:55 GMT-0800 (PST),571
Tue Feb 16 2016 10:46:56 GMT-0800 (PST),572
Tue Feb 16 2016 10:46:58 GMT-0800 (PST),573
Tue Feb 16 2016 10:47:00 GMT-0800 (PST),574
Tue Feb 16 2016 10:47:01 GMT-0800 (PST),575
Tue Feb 16 2016 10:48:06 GMT-0800 (PST),576
Tue Feb 16 2016 11:01:43 GMT-0800 (PST),577
Tue Feb 16 2016 11:37:11 GMT-0800 (PST),578
Tue Feb 16 2016 11:45:23 GMT-0800 (PST),579
Wed Feb 17 2016 07:58:07 GMT-0800 (PST),580
Thu Feb 18 2016 07:46:04 GMT-0800 (PST),600
Thu Feb 18 2016 07:48:30 GMT-0800 (PST),620
Thu Feb 18 2016 08:55:52 GMT-0800 (PST),621
Thu Feb 18 2016 08:56:12 GMT-0800 (PST),622
Thu Feb 18 2016 08:56:19 GMT-0800 (PST),623
Thu Feb 18 2016 08:59:21 GMT-0800 (PST),624
Thu Feb 18 2016 10:02:03 GMT-0800 (PST),625
Thu Feb 18 2016 10:06:12 GMT-0800 (PST),626
Thu Feb 18 2016 10:33:23 GMT-0800 (PST),627
Thu Feb 18 2016 10:35:30 GMT-0800 (PST),628
Thu Feb 18 2016 11:25:33 GMT-0800 (PST),629
Thu Feb 18 2016 11:27:09 GMT-0800 (PST),630
Thu Feb 18 2016 15:00:29 GMT-0800 (PST),631
Thu Feb 18 2016 15:01:49 GMT-0800 (PST),632
Fri Feb 19 2016 13:46:37 GMT-0800 (PST),633
Fri Feb 19 2016 14:52:29 GMT-0800 (PST),634
Fri Feb 19 2016 20:49:07 GMT-0800 (PST),635
Fri Feb 19 2016 20:51:02 GMT-0800 (PST),636
Sat Feb 20 2016 14:02:52 GMT-0800 (PST),637
Sun Feb 21 2016 19:17:35 GMT-0800 (PST),638
Sun Feb 21 2016 20:06:17 GMT-0800 (PST),639
Sun Feb 21 2016 22:01:15 GMT-0800 (PST),640
Sun Feb 21 2016 22:03:42 GMT-0800 (PST),641
Mon Feb 22 2016 16:38:40 GMT-0800 (PST),642
Mon Feb 22 2016 19:55:18 GMT-0800 (PST),643
Mon Feb 22 2016 19:56:30 GMT-0800 (PST),644
Mon Feb 22 2016 19:58:57 GMT-0800 (PST),645
Mon Feb 22 2016 20:00:26 GMT-0800 (PST),646
Mon Feb 22 2016 21:44:01 GMT-0800 (PST),647
Mon Feb 22 2016 21:47:47 GMT-0800 (PST),648
Mon Feb 22 2016 21:51:05 GMT-0800 (PST),649
Mon Feb 22 2016 23:37:15 GMT-0800 (PST),650
Mon Feb 22 2016 23:37:16 GMT-0800 (PST),651
Mon Feb 22 2016 23:37:18 GMT-0800 (PST),652
Mon Feb 22 2016 23:38:28 GMT-0800 (PST),653
Mon Feb 22 2016 23:38:35 GMT-0800 (PST),654
Tue Feb 23 2016 08:49:43 GMT-0800 (PST),655
Tue Feb 23 2016 08:52:02 GMT-0800 (PST),656
Tue Feb 23 2016 08:54:09 GMT-0800 (PST),657
Tue Feb 23 2016 12:22:18 GMT-0800 (PST),677
Tue Feb 23 2016 16:10:11 GMT-0800 (PST),678
Tue Feb 23 2016 17:20:39 GMT-0800 (PST),679
Tue Feb 23 2016 17:44:23 GMT-0800 (PST),680
Tue Feb 23 2016 17:44:24 GMT-0800 (PST),681
Tue Feb 23 2016 17:44:26 GMT-0800 (PST),682
Wed Feb 24 2016 21:30:23 GMT-0800 (PST),683
Thu Feb 25 2016 00:07:35 GMT-0800 (PST),684
Thu Feb 25 2016 09:07:19 GMT-0800 (PST),685
Thu Feb 25 2016 09:08:34 GMT-0800 (PST),686
Thu Feb 25 2016 09:13:11 GMT-0800 (PST),687
Thu Feb 25 2016 10:04:36 GMT-0800 (PST),688
Thu Feb 25 2016 23:03:17 GMT-0800 (PST),689
Fri Feb 26 2016 13:42:33 GMT-0800 (PST),692
Fri Feb 26 2016 14:00:56 GMT-0800 (PST),712
Fri Feb 26 2016 23:52:50 GMT-0800 (PST),713
Fri Feb 26 2016 23:53:04 GMT-0800 (PST),714
Sat Feb 27 2016 11:16:03 GMT-0800 (PST),715
Sat Feb 27 2016 11:43:38 GMT-0800 (PST),716
Sat Feb 27 2016 11:51:17 GMT-0800 (PST),717
Sat Feb 27 2016 11:51:32 GMT-0800 (PST),718
Sat Feb 27 2016 11:53:09 GMT-0800 (PST),719
Sat Feb 27 2016 11:55:45 GMT-0800 (PST),720
Sat Feb 27 2016 11:57:35 GMT-0800 (PST),721
Sat Feb 27 2016 12:30:43 GMT-0800 (PST),722
Sat Feb 27 2016 12:30:55 GMT-0800 (PST),723
Sat Feb 27 2016 12:31:14 GMT-0800 (PST),724
Sat Feb 27 2016 12:33:06 GMT-0800 (PST),725
Sat Feb 27 2016 14:09:34 GMT-0800 (PST),726
Sat Feb 27 2016 14:10:06 GMT-0800 (PST),727
Sat Feb 27 2016 14:10:27 GMT-0800 (PST),728
Sat Feb 27 2016 17:11:44 GMT-0800 (PST),731
Sat Feb 27 2016 17:11:57 GMT-0800 (PST),732
Sat Feb 27 2016 17:11:57 GMT-0800 (PST),733
Sat Feb 27 2016 17:11:59 GMT-0800 (PST),734
Sat Feb 27 2016 17:12:00 GMT-0800 (PST),735
Sat Feb 27 2016 17:12:01 GMT-0800 (PST),736
Sat Feb 27 2016 17:12:02 GMT-0800 (PST),737
Sat Feb 27 2016 17:12:03 GMT-0800 (PST),738
Sat Feb 27 2016 21:09:31 GMT-0800 (PST),739
Sat Feb 27 2016 21:09:38 GMT-0800 (PST),740
Sun Feb 28 2016 00:24:27 GMT-0800 (PST),741
Sun Feb 28 2016 12:44:07 GMT-0800 (PST),742
Sun Feb 28 2016 12:44:11 GMT-0800 (PST),743
Sun Feb 28 2016 16:15:49 GMT-0800 (PST),744
Sun Feb 28 2016 18:08:43 GMT-0800 (PST),745
Sun Feb 28 2016 18:08:51 GMT-0800 (PST),746
Sun Feb 28 2016 18:09:04 GMT-0800 (PST),747
Sun Feb 28 2016 19:17:32 GMT-0800 (PST),748
Sun Feb 28 2016 19:17:38 GMT-0800 (PST),749
Sun Feb 28 2016 19:38:02 GMT-0800 (PST),750
Sun Feb 28 2016 19:38:21 GMT-0800 (PST),751
Sun Feb 28 2016 19:38:46 GMT-0800 (PST),752
Sun Feb 28 2016 22:53:45 GMT-0800 (PST),753
Sun Feb 28 2016 22:56:57 GMT-0800 (PST),773
Sun Feb 28 2016 23:01:05 GMT-0800 (PST),774
Sun Feb 28 2016 23:01:08 GMT-0800 (PST),775
Sun Feb 28 2016 23:01:10 GMT-0800 (PST),776
Sun Feb 28 2016 23:01:14 GMT-0800 (PST),777
Sun Feb 28 2016 23:01:15 GMT-0800 (PST),778
Sun Feb 28 2016 23:01:15 GMT-0800 (PST),779
Sun Feb 28 2016 23:01:16 GMT-0800 (PST),780
Sun Feb 28 2016 23:01:18 GMT-0800 (PST),781
Sun Feb 28 2016 23:01:19 GMT-0800 (PST),782
Sun Feb 28 2016 23:12:54 GMT-0800 (PST),783
Sun Feb 28 2016 23:24:03 GMT-0800 (PST),784
Sun Feb 28 2016 23:40:31 GMT-0800 (PST),785
Sun Feb 28 2016 23:40:54 GMT-0800 (PST),786
Sun Feb 28 2016 23:41:05 GMT-0800 (PST),787
Mon Feb 29 2016 00:46:44 GMT-0800 (PST),788
Mon Feb 29 2016 00:47:07 GMT-0800 (PST),789
Mon Feb 29 2016 00:55:31 GMT-0800 (PST),790
Mon Feb 29 2016 00:55:35 GMT-0800 (PST),791
Mon Feb 29 2016 05:50:57 GMT-0800 (PST),792
Mon Feb 29 2016 05:54:17 GMT-0800 (PST),793
Mon Feb 29 2016 05:56:30 GMT-0800 (PST),794
Mon Feb 29 2016 06:00:23 GMT-0800 (PST),795
Mon Feb 29 2016 06:13:12 GMT-0800 (PST),796
Mon Feb 29 2016 09:21:32 GMT-0800 (PST),797
Mon Feb 29 2016 09:22:05 GMT-0800 (PST),798
Mon Feb 29 2016 09:22:34 GMT-0800 (PST),799
Mon Feb 29 2016 09:22:55 GMT-0800 (PST),800
Mon Feb 29 2016 09:24:48 GMT-0800 (PST),801
Mon Feb 29 2016 11:31:31 GMT-0800 (PST),802
Mon Feb 29 2016 12:28:58 GMT-0800 (PST),803
Mon Feb 29 2016 12:29:23 GMT-0800 (PST),804
Mon Feb 29 2016 12:29:30 GMT-0800 (PST),805
Mon Feb 29 2016 12:43:15 GMT-0800 (PST),806
Mon Feb 29 2016 12:50:54 GMT-0800 (PST),807
Mon Feb 29 2016 12:51:16 GMT-0800 (PST),808
Mon Feb 29 2016 15:16:16 GMT-0800 (PST),809
Mon Feb 29 2016 15:16:25 GMT-0800 (PST),810
Mon Feb 29 2016 15:16:48 GMT-0800 (PST),811
Mon Feb 29 2016 16:03:10 GMT-0800 (PST),812
Mon Feb 29 2016 16:04:10 GMT-0800 (PST),813
Mon Feb 29 2016 16:04:48 GMT-0800 (PST),814
Mon Feb 29 2016 18:09:13 GMT-0800 (PST),815
Mon Feb 29 2016 18:09:15 GMT-0800 (PST),816
Mon Feb 29 2016 20:56:25 GMT-0800 (PST),817
Mon Feb 29 2016 22:23:08 GMT-0800 (PST),818
Mon Feb 29 2016 22:23:31 GMT-0800 (PST),819
Mon Feb 29 2016 22:23:36 GMT-0800 (PST),820
Mon Feb 29 2016 22:23:50 GMT-0800 (PST),821
Mon Feb 29 2016 22:24:36 GMT-0800 (PST),822
Mon Feb 29 2016 22:27:59 GMT-0800 (PST),823
Mon Feb 29 2016 22:28:47 GMT-0800 (PST),824
Mon Feb 29 2016 22:59:25 GMT-0800 (PST),825
Mon Feb 29 2016 23:01:06 GMT-0800 (PST),826
Mon Feb 29 2016 23:01:18 GMT-0800 (PST),827
Mon Feb 29 2016 23:21:02 GMT-0800 (PST),828
Mon Feb 29 2016 23:21:06 GMT-0800 (PST),829
Tue Mar 01 2016 00:15:15 GMT-0800 (PST),830
Tue Mar 01 2016 00:17:35 GMT-0800 (PST),831
Tue Mar 01 2016 00:20:21 GMT-0800 (PST),832
Tue Mar 01 2016 00:22:47 GMT-0800 (PST),833
Tue Mar 01 2016 09:26:42 GMT-0800 (PST),834
Tue Mar 01 2016 10:46:11 GMT-0800 (PST),835
Tue Mar 01 2016 10:46:37 GMT-0800 (PST),838
Tue Mar 01 2016 10:46:42 GMT-0800 (PST),839
Tue Mar 01 2016 10:47:00 GMT-0800 (PST),842
Tue Mar 01 2016 10:47:15 GMT-0800 (PST),843
Tue Mar 01 2016 10:50:16 GMT-0800 (PST),844
Tue Mar 01 2016 10:50:52 GMT-0800 (PST),845
Tue Mar 01 2016 10:50:52 GMT-0800 (PST),848
Tue Mar 01 2016 10:51:20 GMT-0800 (PST),849
Tue Mar 01 2016 10:51:20 GMT-0800 (PST),852
Tue Mar 01 2016 11:52:34 GMT-0800 (PST),853
Tue Mar 01 2016 11:52:35 GMT-0800 (PST),854
Tue Mar 01 2016 11:57:54 GMT-0800 (PST),855
Tue Mar 01 2016 18:06:16 GMT-0800 (PST),856
Tue Mar 01 2016 18:06:50 GMT-0800 (PST),857
Tue Mar 01 2016 18:07:00 GMT-0800 (PST),858
Tue Mar 01 2016 18:07:14 GMT-0800 (PST),859
Tue Mar 01 2016 18:08:31 GMT-0800 (PST),860
Tue Mar 01 2016 18:10:51 GMT-0800 (PST),861
Tue Mar 01 2016 21:28:53 GMT-0800 (PST),862
Tue Mar 01 2016 21:29:16 GMT-0800 (PST),865
Tue Mar 01 2016 21:29:21 GMT-0800 (PST),866
Tue Mar 01 2016 21:29:21 GMT-0800 (PST),867
Tue Mar 01 2016 21:30:03 GMT-0800 (PST),870
Tue Mar 01 2016 23:46:48 GMT-0800 (PST),873
Tue Mar 01 2016 23:46:49 GMT-0800 (PST),874
Tue Mar 01 2016 23:47:16 GMT-0800 (PST),877
Tue Mar 01 2016 23:51:16 GMT-0800 (PST),897
Wed Mar 02 2016 00:22:40 GMT-0800 (PST),917
Wed Mar 02 2016 04:12:28 GMT-0800 (PST),918
Wed Mar 02 2016 04:12:32 GMT-0800 (PST),919
Wed Mar 02 2016 06:02:12 GMT-0800 (PST),920
Wed Mar 02 2016 10:26:16 GMT-0800 (PST),921
Wed Mar 02 2016 10:26:21 GMT-0800 (PST),922
Wed Mar 02 2016 13:10:00 GMT-0800 (PST),923
Wed Mar 02 2016 13:11:06 GMT-0800 (PST),926
Wed Mar 02 2016 15:17:18 GMT-0800 (PST),927
Wed Mar 02 2016 15:25:25 GMT-0800 (PST),928
Wed Mar 02 2016 15:25:26 GMT-0800 (PST),929
Wed Mar 02 2016 17:17:40 GMT-0800 (PST),930
Wed Mar 02 2016 17:17:41 GMT-0800 (PST),931
Wed Mar 02 2016 20:20:10 GMT-0800 (PST),932
Wed Mar 02 2016 21:05:36 GMT-0800 (PST),933
Wed Mar 02 2016 21:05:37 GMT-0800 (PST),934
Wed Mar 02 2016 21:27:17 GMT-0800 (PST),935
Thu Mar 03 2016 00:12:46 GMT-0800 (PST),936
Thu Mar 03 2016 00:20:59 GMT-0800 (PST),937
Thu Mar 03 2016 09:10:26 GMT-0800 (PST),938
Thu Mar 03 2016 09:10:28 GMT-0800 (PST),939
Thu Mar 03 2016 09:23:13 GMT-0800 (PST),940
Thu Mar 03 2016 09:24:04 GMT-0800 (PST),941
Thu Mar 03 2016 10:26:56 GMT-0800 (PST),942
Thu Mar 03 2016 10:26:57 GMT-0800 (PST),943
Thu Mar 03 2016 10:31:51 GMT-0800 (PST),944
Thu Mar 03 2016 10:31:52 GMT-0800 (PST),945
Thu Mar 03 2016 10:33:02 GMT-0800 (PST),946
Thu Mar 03 2016 10:33:30 GMT-0800 (PST),947
Thu Mar 03 2016 10:33:38 GMT-0800 (PST),948
Thu Mar 03 2016 10:34:00 GMT-0800 (PST),949
Thu Mar 03 2016 10:35:34 GMT-0800 (PST),950
Thu Mar 03 2016 10:37:10 GMT-0800 (PST),951
Thu Mar 03 2016 10:38:15 GMT-0800 (PST),952
Thu Mar 03 2016 10:39:16 GMT-0800 (PST),953
Thu Mar 03 2016 10:39:54 GMT-0800 (PST),954
Thu Mar 03 2016 10:55:12 GMT-0800 (PST),955
Thu Mar 03 2016 10:55:13 GMT-0800 (PST),956
Thu Mar 03 2016 10:56:11 GMT-0800 (PST),957
Thu Mar 03 2016 10:56:43 GMT-0800 (PST),958
Thu Mar 03 2016 10:56:56 GMT-0800 (PST),959
Thu Mar 03 2016 11:00:00 GMT-0800 (PST),960
Thu Mar 03 2016 11:00:51 GMT-0800 (PST),961
Thu Mar 03 2016 11:07:37 GMT-0800 (PST),962
Thu Mar 03 2016 11:08:23 GMT-0800 (PST),965
Thu Mar 03 2016 11:08:31 GMT-0800 (PST),966
Thu Mar 03 2016 11:19:08 GMT-0800 (PST),969
Thu Mar 03 2016 11:22:31 GMT-0800 (PST),970
Thu Mar 03 2016 11:23:02 GMT-0800 (PST),971
Thu Mar 03 2016 11:27:55 GMT-0800 (PST),972
Thu Mar 03 2016 11:28:00 GMT-0800 (PST),973
Thu Mar 03 2016 11:29:46 GMT-0800 (PST),974
Fri Mar 04 2016 11:00:34 GMT-0800 (PST),975
Fri Mar 04 2016 20:07:35 GMT-0800 (PST),976
Fri Mar 04 2016 22:27:00 GMT-0800 (PST),977
Fri Mar 04 2016 22:27:01 GMT-0800 (PST),978
Fri Mar 04 2016 22:27:03 GMT-0800 (PST),979
Fri Mar 04 2016 22:27:05 GMT-0800 (PST),980
Fri Mar 04 2016 22:27:06 GMT-0800 (PST),981
Fri Mar 04 2016 22:27:07 GMT-0800 (PST),982
Fri Mar 04 2016 22:27:08 GMT-0800 (PST),983
Fri Mar 04 2016 22:27:09 GMT-0800 (PST),984
Fri Mar 04 2016 22:27:10 GMT-0800 (PST),985
Fri Mar 04 2016 22:27:12 GMT-0800 (PST),986
Fri Mar 04 2016 22:27:13 GMT-0800 (PST),987
Fri Mar 04 2016 22:27:13 GMT-0800 (PST),988
Fri Mar 04 2016 22:27:15 GMT-0800 (PST),989
Fri Mar 04 2016 22:27:16 GMT-0800 (PST),990
Fri Mar 04 2016 22:27:17 GMT-0800 (PST),991
Fri Mar 04 2016 22:27:29 GMT-0800 (PST),992
Fri Mar 04 2016 22:27:30 GMT-0800 (PST),993
Fri Mar 04 2016 22:27:32 GMT-0800 (PST),994
Fri Mar 04 2016 22:27:34 GMT-0800 (PST),995
Fri Mar 04 2016 22:27:37 GMT-0800 (PST),996
Fri Mar 04 2016 22:27:39 GMT-0800 (PST),997
Fri Mar 04 2016 22:27:40 GMT-0800 (PST),998
Fri Mar 04 2016 22:27:41 GMT-0800 (PST),999
Fri Mar 04 2016 22:27:43 GMT-0800 (PST),1000
Fri Mar 04 2016 22:27:44 GMT-0800 (PST),1001
Fri Mar 04 2016 22:27:45 GMT-0800 (PST),1002
Fri Mar 04 2016 22:27:48 GMT-0800 (PST),1003
Fri Mar 04 2016 22:27:51 GMT-0800 (PST),1004
Fri Mar 04 2016 22:27:57 GMT-0800 (PST),1005
Fri Mar 04 2016 22:27:58 GMT-0800 (PST),1006
Fri Mar 04 2016 22:27:59 GMT-0800 (PST),1007
Sat Mar 05 2016 09:17:46 GMT-0800 (PST),1008
Sat Mar 05 2016 09:17:54 GMT-0800 (PST),1009
Sat Mar 05 2016 09:18:18 GMT-0800 (PST),1010
Sat Mar 05 2016 09:19:25 GMT-0800 (PST),1011
Sat Mar 05 2016 09:19:30 GMT-0800 (PST),1012
Sat Mar 05 2016 14:37:12 GMT-0800 (PST),1013
Sat Mar 05 2016 14:37:19 GMT-0800 (PST),1014
Sat Mar 05 2016 14:38:18 GMT-0800 (PST),1015
Sat Mar 05 2016 14:47:48 GMT-0800 (PST),1016
Sat Mar 05 2016 14:47:51 GMT-0800 (PST),1017
Sun Mar 06 2016 17:20:59 GMT-0800 (PST),1020
Sun Mar 06 2016 17:21:06 GMT-0800 (PST),1021
Sun Mar 06 2016 17:21:07 GMT-0800 (PST),1022
Sun Mar 06 2016 19:42:45 GMT-0800 (PST),1023
Mon Mar 07 2016 12:44:55 GMT-0800 (PST),1024
Mon Mar 07 2016 13:43:14 GMT-0800 (PST),1025
Mon Mar 07 2016 13:45:37 GMT-0800 (PST),1045
Mon Mar 07 2016 13:47:11 GMT-0800 (PST),1065
Mon Mar 07 2016 17:43:00 GMT-0800 (PST),1066
Mon Mar 07 2016 17:43:03 GMT-0800 (PST),1067
Mon Mar 07 2016 17:44:26 GMT-0800 (PST),1068
Mon Mar 07 2016 17:44:27 GMT-0800 (PST),1069
Mon Mar 07 2016 23:38:53 GMT-0800 (PST),1070
Mon Mar 07 2016 23:38:58 GMT-0800 (PST),1071
Tue Mar 08 2016 01:44:55 GMT-0800 (PST),1072
Tue Mar 08 2016 01:45:00 GMT-0800 (PST),1073
Tue Mar 08 2016 09:15:16 GMT-0800 (PST),1074
Tue Mar 08 2016 09:15:20 GMT-0800 (PST),1075
Tue Mar 08 2016 09:39:04 GMT-0800 (PST),1076
Tue Mar 08 2016 09:39:08 GMT-0800 (PST),1077
Tue Mar 08 2016 09:44:34 GMT-0800 (PST),1078
Tue Mar 08 2016 09:44:36 GMT-0800 (PST),1079
Tue Mar 08 2016 11:14:30 GMT-0800 (PST),1080
Tue Mar 08 2016 11:14:32 GMT-0800 (PST),1081
Tue Mar 08 2016 11:24:44 GMT-0800 (PST),1082
Tue Mar 08 2016 11:24:45 GMT-0800 (PST),1083
Tue Mar 08 2016 11:34:08 GMT-0800 (PST),1084
Tue Mar 08 2016 16:47:37 GMT-0800 (PST),1085
Tue Mar 08 2016 23:49:14 GMT-0800 (PST),1086
Wed Mar 09 2016 03:15:39 GMT-0800 (PST),1087
Wed Mar 09 2016 03:15:40 GMT-0800 (PST),1088
Wed Mar 09 2016 10:10:29 GMT-0800 (PST),1089
Wed Mar 09 2016 10:12:18 GMT-0800 (PST),1090
Wed Mar 09 2016 10:12:18 GMT-0800 (PST),1093
Wed Mar 09 2016 14:11:48 GMT-0800 (PST),1094
Wed Mar 09 2016 14:11:55 GMT-0800 (PST),1095
Wed Mar 09 2016 14:13:07 GMT-0800 (PST),1096
Wed Mar 09 2016 14:13:12 GMT-0800 (PST),1097
Wed Mar 09 2016 16:17:30 GMT-0800 (PST),1098
Wed Mar 09 2016 19:55:36 GMT-0800 (PST),1099
Wed Mar 09 2016 19:55:37 GMT-0800 (PST),1100
Wed Mar 09 2016 22:27:20 GMT-0800 (PST),1101
Wed Mar 09 2016 22:27:24 GMT-0800 (PST),1102
Thu Mar 10 2016 00:51:50 GMT-0800 (PST),1103
Thu Mar 10 2016 00:51:54 GMT-0800 (PST),1104
Thu Mar 10 2016 10:53:01 GMT-0800 (PST),1105
Thu Mar 10 2016 10:53:04 GMT-0800 (PST),1106
Thu Mar 10 2016 11:03:39 GMT-0800 (PST),1107
Thu Mar 10 2016 14:00:09 GMT-0800 (PST),1108
Thu Mar 10 2016 14:00:10 GMT-0800 (PST),1109
Thu Mar 10 2016 14:00:12 GMT-0800 (PST),1110
Thu Mar 10 2016 14:00:15 GMT-0800 (PST),1111
Thu Mar 10 2016 14:00:51 GMT-0800 (PST),1112
Fri Mar 11 2016 08:15:59 GMT-0800 (PST),1113
Fri Mar 11 2016 08:16:00 GMT-0800 (PST),1114
Fri Mar 11 2016 08:17:00 GMT-0800 (PST),1115
Fri Mar 11 2016 08:17:01 GMT-0800 (PST),1116
Fri Mar 11 2016 08:17:56 GMT-0800 (PST),1117
Fri Mar 11 2016 08:18:17 GMT-0800 (PST),1118
Fri Mar 11 2016 08:18:28 GMT-0800 (PST),1119
Fri Mar 11 2016 08:18:47 GMT-0800 (PST),1120
Fri Mar 11 2016 08:29:53 GMT-0800 (PST),1121
Fri Mar 11 2016 08:32:48 GMT-0800 (PST),1122
Fri Mar 11 2016 08:33:27 GMT-0800 (PST),1123
Sat Mar 12 2016 18:23:12 GMT-0800 (PST),1124
Sat Mar 12 2016 18:23:44 GMT-0800 (PST),1125
Sat Mar 12 2016 18:55:19 GMT-0800 (PST),1126
Sun Mar 13 2016 03:52:26 GMT-0700 (PDT),1127
Sun Mar 13 2016 03:52:27 GMT-0700 (PDT),1128
Sun Mar 13 2016 09:03:32 GMT-0700 (PDT),1131
Sun Mar 13 2016 13:19:54 GMT-0700 (PDT),1132
Sun Mar 13 2016 13:20:00 GMT-0700 (PDT),1133
Sun Mar 13 2016 13:22:06 GMT-0700 (PDT),1153
Sun Mar 13 2016 13:22:27 GMT-0700 (PDT),1154
Sun Mar 13 2016 15:09:22 GMT-0700 (PDT),1155
Sun Mar 13 2016 15:18:48 GMT-0700 (PDT),1156
Sun Mar 13 2016 15:27:59 GMT-0700 (PDT),1157
Sun Mar 13 2016 15:29:24 GMT-0700 (PDT),1158
Sun Mar 13 2016 15:29:25 GMT-0700 (PDT),1159
Sun Mar 13 2016 15:32:09 GMT-0700 (PDT),1160
Sun Mar 13 2016 15:32:10 GMT-0700 (PDT),1161
Sun Mar 13 2016 15:45:51 GMT-0700 (PDT),1162
Sun Mar 13 2016 16:07:30 GMT-0700 (PDT),1163
Sun Mar 13 2016 18:52:55 GMT-0700 (PDT),1164
Sun Mar 13 2016 19:03:34 GMT-0700 (PDT),1165
Sun Mar 13 2016 20:09:36 GMT-0700 (PDT),1166
Sun Mar 13 2016 20:18:18 GMT-0700 (PDT),1167
Sun Mar 13 2016 20:32:58 GMT-0700 (PDT),1168
Sun Mar 13 2016 20:33:01 GMT-0700 (PDT),1169
Sun Mar 13 2016 20:33:03 GMT-0700 (PDT),1170
Sun Mar 13 2016 20:33:05 GMT-0700 (PDT),1171
Sun Mar 13 2016 20:35:11 GMT-0700 (PDT),1172
Sun Mar 13 2016 21:30:25 GMT-0700 (PDT),1173
Sun Mar 13 2016 21:31:20 GMT-0700 (PDT),1174
Sun Mar 13 2016 21:31:28 GMT-0700 (PDT),1175
Sun Mar 13 2016 21:32:50 GMT-0700 (PDT),1176
Sun Mar 13 2016 22:10:37 GMT-0700 (PDT),1177
Sun Mar 13 2016 22:32:37 GMT-0700 (PDT),1178
Sun Mar 13 2016 22:33:08 GMT-0700 (PDT),1179
Sun Mar 13 2016 22:50:58 GMT-0700 (PDT),1180
Sun Mar 13 2016 22:51:20 GMT-0700 (PDT),1183
Sun Mar 13 2016 22:51:21 GMT-0700 (PDT),1184
Sun Mar 13 2016 22:51:27 GMT-0700 (PDT),1185
Sun Mar 13 2016 22:52:06 GMT-0700 (PDT),1188
Sun Mar 13 2016 22:53:12 GMT-0700 (PDT),1191
Sun Mar 13 2016 22:55:04 GMT-0700 (PDT),1194
Sun Mar 13 2016 23:14:05 GMT-0700 (PDT),1195
Sun Mar 13 2016 23:52:54 GMT-0700 (PDT),1196
Mon Mar 14 2016 01:04:01 GMT-0700 (PDT),1197
Mon Mar 14 2016 01:25:02 GMT-0700 (PDT),1198
Mon Mar 14 2016 09:49:20 GMT-0700 (PDT),1199
Mon Mar 14 2016 09:56:10 GMT-0700 (PDT),1200
Mon Mar 14 2016 13:19:47 GMT-0700 (PDT),1201
Mon Mar 14 2016 14:22:49 GMT-0700 (PDT),1202
Mon Mar 14 2016 15:34:26 GMT-0700 (PDT),1203
Mon Mar 14 2016 16:08:02 GMT-0700 (PDT),1204
Mon Mar 14 2016 21:11:32 GMT-0700 (PDT),1205
Mon Mar 14 2016 22:00:25 GMT-0700 (PDT),1206
Tue Mar 15 2016 00:25:33 GMT-0700 (PDT),1207
Tue Mar 15 2016 00:25:35 GMT-0700 (PDT),1208
Tue Mar 15 2016 00:25:36 GMT-0700 (PDT),1209
Tue Mar 15 2016 00:25:39 GMT-0700 (PDT),1210
Tue Mar 15 2016 00:25:42 GMT-0700 (PDT),1211
Tue Mar 15 2016 00:25:45 GMT-0700 (PDT),1212
Tue Mar 15 2016 10:48:23 GMT-0700 (PDT),1213
Tue Mar 15 2016 10:48:51 GMT-0700 (PDT),1214
Tue Mar 15 2016 10:48:51 GMT-0700 (PDT),1217
Tue Mar 15 2016 10:49:13 GMT-0700 (PDT),1218
Tue Mar 15 2016 10:49:13 GMT-0700 (PDT),1221
Tue Mar 15 2016 10:51:26 GMT-0700 (PDT),1224
Tue Mar 15 2016 10:57:33 GMT-0700 (PDT),1227
Tue Mar 15 2016 10:59:49 GMT-0700 (PDT),1228
Tue Mar 15 2016 11:35:53 GMT-0700 (PDT),1229
Tue Mar 15 2016 11:35:56 GMT-0700 (PDT),1230
Tue Mar 15 2016 11:35:59 GMT-0700 (PDT),1231
Tue Mar 15 2016 11:36:02 GMT-0700 (PDT),1232
Tue Mar 15 2016 12:36:30 GMT-0700 (PDT),1233
Tue Mar 15 2016 12:39:39 GMT-0700 (PDT),1234
Tue Mar 15 2016 12:39:41 GMT-0700 (PDT),1235
Tue Mar 15 2016 12:40:23 GMT-0700 (PDT),1236
Tue Mar 15 2016 12:40:24 GMT-0700 (PDT),1237
Tue Mar 15 2016 12:42:48 GMT-0700 (PDT),1238
Tue Mar 15 2016 12:43:02 GMT-0700 (PDT),1239
Tue Mar 15 2016 12:43:08 GMT-0700 (PDT),1240
Tue Mar 15 2016 12:43:19 GMT-0700 (PDT),1241
Tue Mar 15 2016 12:44:16 GMT-0700 (PDT),1242
Tue Mar 15 2016 19:37:44 GMT-0700 (PDT),1243
Tue Mar 15 2016 21:45:06 GMT-0700 (PDT),1244
Tue Mar 15 2016 22:02:55 GMT-0700 (PDT),1245
Tue Mar 15 2016 22:03:23 GMT-0700 (PDT),1246
Wed Mar 16 2016 13:55:57 GMT-0700 (PDT),1247
Wed Mar 16 2016 15:22:48 GMT-0700 (PDT),1248
Wed Mar 16 2016 15:24:27 GMT-0700 (PDT),1249
Wed Mar 16 2016 15:24:27 GMT-0700 (PDT),1252
Wed Mar 16 2016 15:24:43 GMT-0700 (PDT),1253
Wed Mar 16 2016 19:41:03 GMT-0700 (PDT),1254
Wed Mar 16 2016 20:16:03 GMT-0700 (PDT),1255
Wed Mar 16 2016 20:53:01 GMT-0700 (PDT),1256
Wed Mar 16 2016 20:53:01 GMT-0700 (PDT),1259
Wed Mar 16 2016 22:04:32 GMT-0700 (PDT),1260
Thu Mar 17 2016 02:22:38 GMT-0700 (PDT),1261
Thu Mar 17 2016 11:16:59 GMT-0700 (PDT),1262
Thu Mar 17 2016 11:19:10 GMT-0700 (PDT),1263
Thu Mar 17 2016 11:19:11 GMT-0700 (PDT),1264
Sat Mar 19 2016 09:57:50 GMT-0700 (PDT),1265
Sat Mar 19 2016 09:59:49 GMT-0700 (PDT),1266
Sat Mar 19 2016 09:59:50 GMT-0700 (PDT),1267
Sat Mar 19 2016 10:01:31 GMT-0700 (PDT),1268
Sat Mar 19 2016 10:01:32 GMT-0700 (PDT),1269
Sat Mar 19 2016 10:03:07 GMT-0700 (PDT),1270
Sat Mar 19 2016 10:03:49 GMT-0700 (PDT),1271
Sat Mar 19 2016 10:03:57 GMT-0700 (PDT),1272
Sat Mar 19 2016 10:04:21 GMT-0700 (PDT),1273
Sat Mar 19 2016 10:05:39 GMT-0700 (PDT),1274
Sat Mar 19 2016 10:08:26 GMT-0700 (PDT),1275
Sat Mar 19 2016 10:10:32 GMT-0700 (PDT),1276
Sat Mar 19 2016 10:12:26 GMT-0700 (PDT),1277
Sat Mar 19 2016 10:13:23 GMT-0700 (PDT),1278
Sun Mar 20 2016 10:55:20 GMT-0700 (PDT),1279
Sun Mar 20 2016 10:56:49 GMT-0700 (PDT),1280
Sun Mar 20 2016 10:56:50 GMT-0700 (PDT),1281
Sun Mar 20 2016 10:57:56 GMT-0700 (PDT),1282
Sun Mar 20 2016 10:57:58 GMT-0700 (PDT),1283
Mon Mar 21 2016 08:53:30 GMT-0700 (PDT),1284
Mon Mar 21 2016 08:54:14 GMT-0700 (PDT),1287
Fri Mar 25 2016 23:09:32 GMT-0700 (PDT),1290
Fri Mar 25 2016 23:09:53 GMT-0700 (PDT),1291
Sat Mar 26 2016 22:24:35 GMT-0700 (PDT),1292
Sat Mar 26 2016 22:25:35 GMT-0700 (PDT),1293
Sat Mar 26 2016 22:25:36 GMT-0700 (PDT),1294
Sat Mar 26 2016 22:26:33 GMT-0700 (PDT),1295
Sat Mar 26 2016 22:26:37 GMT-0700 (PDT),1296
Sat Mar 26 2016 22:56:41 GMT-0700 (PDT),1297
Sat Mar 26 2016 22:56:50 GMT-0700 (PDT),1298
Sun Mar 27 2016 19:20:02 GMT-0700 (PDT),1299
Sun Mar 27 2016 19:20:03 GMT-0700 (PDT),1300
Mon Mar 28 2016 08:49:17 GMT-0700 (PDT),1320
Mon Mar 28 2016 12:18:39 GMT-0700 (PDT),1321
Mon Mar 28 2016 17:27:02 GMT-0700 (PDT),1322
Mon Mar 28 2016 17:46:33 GMT-0700 (PDT),1323
Mon Mar 28 2016 17:47:03 GMT-0700 (PDT),1324
Mon Mar 28 2016 17:53:26 GMT-0700 (PDT),1325
Mon Mar 28 2016 17:54:10 GMT-0700 (PDT),1326
Mon Mar 28 2016 17:54:23 GMT-0700 (PDT),1327
Mon Mar 28 2016 17:54:57 GMT-0700 (PDT),1330
Mon Mar 28 2016 17:55:42 GMT-0700 (PDT),1331
Mon Mar 28 2016 17:56:56 GMT-0700 (PDT),1334
Mon Mar 28 2016 17:57:28 GMT-0700 (PDT),1335
Mon Mar 28 2016 17:57:30 GMT-0700 (PDT),1336
Mon Mar 28 2016 17:57:32 GMT-0700 (PDT),1337
Mon Mar 28 2016 17:57:36 GMT-0700 (PDT),1338
Mon Mar 28 2016 17:58:09 GMT-0700 (PDT),1339
Mon Mar 28 2016 20:28:40 GMT-0700 (PDT),1340
Mon Mar 28 2016 21:03:58 GMT-0700 (PDT),1341
Mon Mar 28 2016 22:12:39 GMT-0700 (PDT),1342
Tue Mar 29 2016 01:54:19 GMT-0700 (PDT),1343
Tue Mar 29 2016 07:07:37 GMT-0700 (PDT),1344
Tue Mar 29 2016 07:11:10 GMT-0700 (PDT),1345
Tue Mar 29 2016 07:16:36 GMT-0700 (PDT),1346
Tue Mar 29 2016 07:16:39 GMT-0700 (PDT),1347
Tue Mar 29 2016 08:34:00 GMT-0700 (PDT),1348
Tue Mar 29 2016 08:34:07 GMT-0700 (PDT),1349
Tue Mar 29 2016 08:50:35 GMT-0700 (PDT),1350
Tue Mar 29 2016 09:19:10 GMT-0700 (PDT),1351
Tue Mar 29 2016 09:19:52 GMT-0700 (PDT),1352
Tue Mar 29 2016 09:20:18 GMT-0700 (PDT),1353
Tue Mar 29 2016 09:23:47 GMT-0700 (PDT),1354
Tue Mar 29 2016 09:25:34 GMT-0700 (PDT),1355
Tue Mar 29 2016 09:25:35 GMT-0700 (PDT),1356
Tue Mar 29 2016 09:25:47 GMT-0700 (PDT),1357
Tue Mar 29 2016 09:26:07 GMT-0700 (PDT),1358
Tue Mar 29 2016 09:27:38 GMT-0700 (PDT),1359
Tue Mar 29 2016 09:27:42 GMT-0700 (PDT),1360
Tue Mar 29 2016 09:28:50 GMT-0700 (PDT),1361
Tue Mar 29 2016 09:29:24 GMT-0700 (PDT),1362
Tue Mar 29 2016 09:29:34 GMT-0700 (PDT),1363
Tue Mar 29 2016 09:30:10 GMT-0700 (PDT),1364
Tue Mar 29 2016 10:07:07 GMT-0700 (PDT),1365
Tue Mar 29 2016 10:10:05 GMT-0700 (PDT),1366
Tue Mar 29 2016 10:31:15 GMT-0700 (PDT),1367
Tue Mar 29 2016 11:26:55 GMT-0700 (PDT),1368
Tue Mar 29 2016 11:32:17 GMT-0700 (PDT),1369
Tue Mar 29 2016 21:44:15 GMT-0700 (PDT),1370
Tue Mar 29 2016 21:48:51 GMT-0700 (PDT),1371
Tue Mar 29 2016 21:48:51 GMT-0700 (PDT),1374
Tue Mar 29 2016 21:49:51 GMT-0700 (PDT),1377
Tue Mar 29 2016 21:50:14 GMT-0700 (PDT),1378
Thu Mar 31 2016 10:10:43 GMT-0700 (PDT),1379
Thu Mar 31 2016 11:04:24 GMT-0700 (PDT),1380
Thu Mar 31 2016 11:10:06 GMT-0700 (PDT),1381
Thu Mar 31 2016 11:24:56 GMT-0700 (PDT),1382
Thu Mar 31 2016 18:29:59 GMT-0700 (PDT),1383
Thu Mar 31 2016 18:50:13 GMT-0700 (PDT),1384
Thu Mar 31 2016 22:13:01 GMT-0700 (PDT),1385
Fri Apr 01 2016 10:11:19 GMT-0700 (PDT),1386
Fri Apr 01 2016 10:15:01 GMT-0700 (PDT),1387
Fri Apr 01 2016 10:15:01 GMT-0700 (PDT),1390
Mon Apr 04 2016 14:47:16 GMT-0700 (PDT),1391
Mon Apr 04 2016 14:48:20 GMT-0700 (PDT),1392
Mon Apr 04 2016 14:48:23 GMT-0700 (PDT),1393
Mon Apr 04 2016 14:49:34 GMT-0700 (PDT),1394
Mon Apr 04 2016 14:49:35 GMT-0700 (PDT),1395
Mon Apr 04 2016 14:50:25 GMT-0700 (PDT),1396
Mon Apr 04 2016 14:50:41 GMT-0700 (PDT),1397
Mon Apr 04 2016 14:50:49 GMT-0700 (PDT),1398
Mon Apr 04 2016 15:30:10 GMT-0700 (PDT),1399
Mon Apr 04 2016 15:31:41 GMT-0700 (PDT),1400
Mon Apr 04 2016 15:32:39 GMT-0700 (PDT),1401
Mon Apr 04 2016 15:33:32 GMT-0700 (PDT),1402
Mon Apr 04 2016 15:34:12 GMT-0700 (PDT),1403
Mon Apr 04 2016 18:55:41 GMT-0700 (PDT),1404
Mon Apr 04 2016 23:49:23 GMT-0700 (PDT),1405
Mon Apr 04 2016 23:51:12 GMT-0700 (PDT),1406
Tue Apr 05 2016 08:49:14 GMT-0700 (PDT),1407
Tue Apr 05 2016 08:51:34 GMT-0700 (PDT),1408
Tue Apr 05 2016 08:53:56 GMT-0700 (PDT),1409
Tue Apr 05 2016 08:53:57 GMT-0700 (PDT),1410
Tue Apr 05 2016 09:00:19 GMT-0700 (PDT),1411
Tue Apr 05 2016 09:00:20 GMT-0700 (PDT),1412
Tue Apr 05 2016 09:01:34 GMT-0700 (PDT),1413
Tue Apr 05 2016 09:01:59 GMT-0700 (PDT),1414
Tue Apr 05 2016 09:02:04 GMT-0700 (PDT),1415
Tue Apr 05 2016 11:33:45 GMT-0700 (PDT),1416
Tue Apr 05 2016 11:35:49 GMT-0700 (PDT),1417
Tue Apr 05 2016 11:35:50 GMT-0700 (PDT),1418
Tue Apr 05 2016 11:37:02 GMT-0700 (PDT),1419
Tue Apr 05 2016 11:37:59 GMT-0700 (PDT),1420
Tue Apr 05 2016 11:40:03 GMT-0700 (PDT),1421
Tue Apr 05 2016 11:40:08 GMT-0700 (PDT),1422
Tue Apr 05 2016 11:40:21 GMT-0700 (PDT),1423
Tue Apr 05 2016 11:43:12 GMT-0700 (PDT),1424
Tue Apr 05 2016 11:45:24 GMT-0700 (PDT),1425
Wed Apr 06 2016 17:35:50 GMT-0700 (PDT),1445
Wed Apr 06 2016 17:49:23 GMT-0700 (PDT),1446
Wed Apr 06 2016 21:30:26 GMT-0700 (PDT),1447
Wed Apr 06 2016 21:51:30 GMT-0700 (PDT),1448
Wed Apr 06 2016 22:06:30 GMT-0700 (PDT),1449
Wed Apr 06 2016 22:08:06 GMT-0700 (PDT),1450
Wed Apr 06 2016 22:24:06 GMT-0700 (PDT),1451
Wed Apr 06 2016 22:39:27 GMT-0700 (PDT),1452
Wed Apr 06 2016 22:54:18 GMT-0700 (PDT),1453
Wed Apr 06 2016 22:54:46 GMT-0700 (PDT),1456
Wed Apr 06 2016 23:05:53 GMT-0700 (PDT),1457
Wed Apr 06 2016 23:54:06 GMT-0700 (PDT),1458
Thu Apr 07 2016 00:25:08 GMT-0700 (PDT),1459
Thu Apr 07 2016 09:18:21 GMT-0700 (PDT),1460
Thu Apr 07 2016 09:45:24 GMT-0700 (PDT),1461
Thu Apr 07 2016 09:48:40 GMT-0700 (PDT),1462
Thu Apr 07 2016 10:13:12 GMT-0700 (PDT),1463
Thu Apr 07 2016 10:57:35 GMT-0700 (PDT),1464
Thu Apr 07 2016 10:58:04 GMT-0700 (PDT),1465
Thu Apr 07 2016 10:58:50 GMT-0700 (PDT),1468
Thu Apr 07 2016 10:59:32 GMT-0700 (PDT),1469
Thu Apr 07 2016 10:59:34 GMT-0700 (PDT),1470
Thu Apr 07 2016 11:00:09 GMT-0700 (PDT),1471
Thu Apr 07 2016 11:00:41 GMT-0700 (PDT),1472
Thu Apr 07 2016 11:02:16 GMT-0700 (PDT),1473
Thu Apr 07 2016 11:03:23 GMT-0700 (PDT),1474
Thu Apr 07 2016 11:10:49 GMT-0700 (PDT),1475
Thu Apr 07 2016 11:13:02 GMT-0700 (PDT),1476
Thu Apr 07 2016 11:19:29 GMT-0700 (PDT),1477
Thu Apr 07 2016 11:40:30 GMT-0700 (PDT),1478
Thu Apr 07 2016 11:40:31 GMT-0700 (PDT),1479
Thu Apr 07 2016 11:40:32 GMT-0700 (PDT),1480
Thu Apr 07 2016 11:40:34 GMT-0700 (PDT),1481
Thu Apr 07 2016 11:40:42 GMT-0700 (PDT),1482
Thu Apr 07 2016 11:40:44 GMT-0700 (PDT),1483
Thu Apr 07 2016 11:40:44 GMT-0700 (PDT),1484
Thu Apr 07 2016 11:41:15 GMT-0700 (PDT),1485
Thu Apr 07 2016 11:42:10 GMT-0700 (PDT),1486
Thu Apr 07 2016 12:21:49 GMT-0700 (PDT),1487
Thu Apr 07 2016 12:23:02 GMT-0700 (PDT),1488
Thu Apr 07 2016 12:23:06 GMT-0700 (PDT),1489
Thu Apr 07 2016 12:23:15 GMT-0700 (PDT),1490
Thu Apr 07 2016 12:23:31 GMT-0700 (PDT),1491
Thu Apr 07 2016 12:24:00 GMT-0700 (PDT),1492
Thu Apr 07 2016 12:24:00 GMT-0700 (PDT),1495
Thu Apr 07 2016 12:24:11 GMT-0700 (PDT),1496
Thu Apr 07 2016 12:25:30 GMT-0700 (PDT),1497
Thu Apr 07 2016 12:25:58 GMT-0700 (PDT),1498
Thu Apr 07 2016 12:26:12 GMT-0700 (PDT),1499
Thu Apr 07 2016 12:29:52 GMT-0700 (PDT),1500
Thu Apr 07 2016 12:29:56 GMT-0700 (PDT),1501
Thu Apr 07 2016 12:36:55 GMT-0700 (PDT),1502
Thu Apr 07 2016 12:37:05 GMT-0700 (PDT),1503
Thu Apr 07 2016 12:37:12 GMT-0700 (PDT),1504
Thu Apr 07 2016 12:37:21 GMT-0700 (PDT),1505
Thu Apr 07 2016 12:38:48 GMT-0700 (PDT),1506
Thu Apr 07 2016 12:40:01 GMT-0700 (PDT),1509
Thu Apr 07 2016 12:40:06 GMT-0700 (PDT),1510
Thu Apr 07 2016 12:42:21 GMT-0700 (PDT),1513
Thu Apr 07 2016 12:43:00 GMT-0700 (PDT),1516
Thu Apr 07 2016 12:44:07 GMT-0700 (PDT),1517
Thu Apr 07 2016 12:46:32 GMT-0700 (PDT),1518
Thu Apr 07 2016 12:46:56 GMT-0700 (PDT),1521
Thu Apr 07 2016 12:47:12 GMT-0700 (PDT),1524
Thu Apr 07 2016 12:48:16 GMT-0700 (PDT),1525
Thu Apr 07 2016 12:48:38 GMT-0700 (PDT),1528
Thu Apr 07 2016 12:48:51 GMT-0700 (PDT),1529
Thu Apr 07 2016 12:50:26 GMT-0700 (PDT),1530
Thu Apr 07 2016 12:52:45 GMT-0700 (PDT),1533
Thu Apr 07 2016 12:53:01 GMT-0700 (PDT),1534
Thu Apr 07 2016 12:53:39 GMT-0700 (PDT),1537
Thu Apr 07 2016 12:54:34 GMT-0700 (PDT),1538
Thu Apr 07 2016 12:55:00 GMT-0700 (PDT),1541
Thu Apr 07 2016 12:55:18 GMT-0700 (PDT),1542
Thu Apr 07 2016 13:35:01 GMT-0700 (PDT),1543
Thu Apr 07 2016 17:23:31 GMT-0700 (PDT),1544
Thu Apr 07 2016 17:44:42 GMT-0700 (PDT),1545
Thu Apr 07 2016 20:57:32 GMT-0700 (PDT),1546
Thu Apr 07 2016 23:37:42 GMT-0700 (PDT),1547
Fri Apr 08 2016 09:49:25 GMT-0700 (PDT),1548
Fri Apr 08 2016 10:16:00 GMT-0700 (PDT),1549
Fri Apr 08 2016 15:08:34 GMT-0700 (PDT),1552
Fri Apr 08 2016 15:08:35 GMT-0700 (PDT),1553
Fri Apr 08 2016 15:10:56 GMT-0700 (PDT),1556
Fri Apr 08 2016 15:11:00 GMT-0700 (PDT),1557
Fri Apr 08 2016 15:15:26 GMT-0700 (PDT),1558
Fri Apr 08 2016 15:17:17 GMT-0700 (PDT),1559
Fri Apr 08 2016 19:17:17 GMT-0700 (PDT),1560
Sat Apr 09 2016 00:42:24 GMT-0700 (PDT),1561
Sat Apr 09 2016 11:38:24 GMT-0700 (PDT),1562
Sat Apr 09 2016 22:24:26 GMT-0700 (PDT),1563
Sat Apr 09 2016 22:37:53 GMT-0700 (PDT),1564
Sat Apr 09 2016 23:19:58 GMT-0700 (PDT),1565
Sat Apr 09 2016 23:50:11 GMT-0700 (PDT),1566
Sat Apr 09 2016 23:50:17 GMT-0700 (PDT),1567
Sun Apr 10 2016 11:12:34 GMT-0700 (PDT),1568
Sun Apr 10 2016 11:12:42 GMT-0700 (PDT),1569
Sun Apr 10 2016 13:41:26 GMT-0700 (PDT),1570
Sun Apr 10 2016 14:07:13 GMT-0700 (PDT),1571
Sun Apr 10 2016 14:08:41 GMT-0700 (PDT),1572
Sun Apr 10 2016 14:13:26 GMT-0700 (PDT),1573
Sun Apr 10 2016 14:13:32 GMT-0700 (PDT),1574
Sun Apr 10 2016 14:13:48 GMT-0700 (PDT),1575
Sun Apr 10 2016 14:20:03 GMT-0700 (PDT),1576
Sun Apr 10 2016 14:22:09 GMT-0700 (PDT),1577
Sun Apr 10 2016 14:23:59 GMT-0700 (PDT),1578
Sun Apr 10 2016 17:04:32 GMT-0700 (PDT),1579
Sun Apr 10 2016 17:04:44 GMT-0700 (PDT),1580
Sun Apr 10 2016 18:52:27 GMT-0700 (PDT),1581
Sun Apr 10 2016 19:46:08 GMT-0700 (PDT),1582
Sun Apr 10 2016 19:46:18 GMT-0700 (PDT),1583
Sun Apr 10 2016 19:46:30 GMT-0700 (PDT),1584
Sun Apr 10 2016 19:59:53 GMT-0700 (PDT),1587
Sun Apr 10 2016 20:00:57 GMT-0700 (PDT),1588
Sun Apr 10 2016 20:55:57 GMT-0700 (PDT),1608
Sun Apr 10 2016 21:59:33 GMT-0700 (PDT),1609
Sun Apr 10 2016 22:03:12 GMT-0700 (PDT),1610
Sun Apr 10 2016 22:42:34 GMT-0700 (PDT),1611
Sun Apr 10 2016 22:55:58 GMT-0700 (PDT),1612
Sun Apr 10 2016 22:55:58 GMT-0700 (PDT),1615
Sun Apr 10 2016 23:07:05 GMT-0700 (PDT),1616
Mon Apr 11 2016 08:07:57 GMT-0700 (PDT),1617
Mon Apr 11 2016 09:04:46 GMT-0700 (PDT),1618
Mon Apr 11 2016 11:00:56 GMT-0700 (PDT),1619
Mon Apr 11 2016 11:01:07 GMT-0700 (PDT),1622
Mon Apr 11 2016 11:02:36 GMT-0700 (PDT),1623
Mon Apr 11 2016 11:02:44 GMT-0700 (PDT),1624
Mon Apr 11 2016 13:10:47 GMT-0700 (PDT),1625
Mon Apr 11 2016 13:14:44 GMT-0700 (PDT),1626
Mon Apr 11 2016 16:03:06 GMT-0700 (PDT),1627
Mon Apr 11 2016 20:31:03 GMT-0700 (PDT),1628
Mon Apr 11 2016 21:10:54 GMT-0700 (PDT),1629
Mon Apr 11 2016 21:19:37 GMT-0700 (PDT),1630
Mon Apr 11 2016 21:37:48 GMT-0700 (PDT),1631
Mon Apr 11 2016 21:48:19 GMT-0700 (PDT),1632
Mon Apr 11 2016 21:49:32 GMT-0700 (PDT),1633
Mon Apr 11 2016 21:51:22 GMT-0700 (PDT),1636
Mon Apr 11 2016 21:54:39 GMT-0700 (PDT),1637
Mon Apr 11 2016 23:05:55 GMT-0700 (PDT),1638
Tue Apr 12 2016 01:06:51 GMT-0700 (PDT),1639
Tue Apr 12 2016 09:19:20 GMT-0700 (PDT),1640
Tue Apr 12 2016 09:20:35 GMT-0700 (PDT),1641
Tue Apr 12 2016 09:36:20 GMT-0700 (PDT),1642
Tue Apr 12 2016 09:43:30 GMT-0700 (PDT),1643
Tue Apr 12 2016 10:20:59 GMT-0700 (PDT),1644
Tue Apr 12 2016 10:37:15 GMT-0700 (PDT),1645
Tue Apr 12 2016 10:38:15 GMT-0700 (PDT),1646
Tue Apr 12 2016 11:03:18 GMT-0700 (PDT),1647
Tue Apr 12 2016 11:12:30 GMT-0700 (PDT),1650
Tue Apr 12 2016 11:18:50 GMT-0700 (PDT),1651
Tue Apr 12 2016 11:24:39 GMT-0700 (PDT),1652
Tue Apr 12 2016 11:26:31 GMT-0700 (PDT),1653
Tue Apr 12 2016 11:32:21 GMT-0700 (PDT),1654
Tue Apr 12 2016 11:32:38 GMT-0700 (PDT),1655
Tue Apr 12 2016 11:44:07 GMT-0700 (PDT),1656
Tue Apr 12 2016 11:57:16 GMT-0700 (PDT),1657
Tue Apr 12 2016 13:32:15 GMT-0700 (PDT),1658
Tue Apr 12 2016 13:44:13 GMT-0700 (PDT),1659
Tue Apr 12 2016 13:45:39 GMT-0700 (PDT),1660
Tue Apr 12 2016 15:04:33 GMT-0700 (PDT),1661
Tue Apr 12 2016 21:19:58 GMT-0700 (PDT),1662
Tue Apr 12 2016 21:26:19 GMT-0700 (PDT),1663
Wed Apr 13 2016 11:08:27 GMT-0700 (PDT),1664
Wed Apr 13 2016 11:08:54 GMT-0700 (PDT),1667
Wed Apr 13 2016 11:15:32 GMT-0700 (PDT),1668
Wed Apr 13 2016 11:15:32 GMT-0700 (PDT),1671
Wed Apr 13 2016 11:15:42 GMT-0700 (PDT),1672
Wed Apr 13 2016 11:16:07 GMT-0700 (PDT),1673
Wed Apr 13 2016 11:17:19 GMT-0700 (PDT),1676
Wed Apr 13 2016 11:18:17 GMT-0700 (PDT),1677
Wed Apr 13 2016 11:18:49 GMT-0700 (PDT),1680
Wed Apr 13 2016 11:20:26 GMT-0700 (PDT),1683
Wed Apr 13 2016 11:20:38 GMT-0700 (PDT),1684
Wed Apr 13 2016 11:20:50 GMT-0700 (PDT),1685
Wed Apr 13 2016 11:21:03 GMT-0700 (PDT),1686
Wed Apr 13 2016 11:21:39 GMT-0700 (PDT),1687
Wed Apr 13 2016 18:57:12 GMT-0700 (PDT),1688
Wed Apr 13 2016 20:11:34 GMT-0700 (PDT),1689
Wed Apr 13 2016 20:12:45 GMT-0700 (PDT),1690
Wed Apr 13 2016 22:15:58 GMT-0700 (PDT),1691
Thu Apr 14 2016 08:20:07 GMT-0700 (PDT),1692
Thu Apr 14 2016 10:34:30 GMT-0700 (PDT),1693
Thu Apr 14 2016 10:34:39 GMT-0700 (PDT),1694
Thu Apr 14 2016 10:35:39 GMT-0700 (PDT),1695
Thu Apr 14 2016 10:55:12 GMT-0700 (PDT),1698
Thu Apr 14 2016 11:01:10 GMT-0700 (PDT),1699
Thu Apr 14 2016 11:08:55 GMT-0700 (PDT),1700
Thu Apr 14 2016 11:09:35 GMT-0700 (PDT),1701
Thu Apr 14 2016 11:10:09 GMT-0700 (PDT),1702
Thu Apr 14 2016 11:11:00 GMT-0700 (PDT),1703
Thu Apr 14 2016 11:11:58 GMT-0700 (PDT),1704
Thu Apr 14 2016 11:13:38 GMT-0700 (PDT),1705
Thu Apr 14 2016 11:15:18 GMT-0700 (PDT),1706
Thu Apr 14 2016 11:15:18 GMT-0700 (PDT),1707
Thu Apr 14 2016 11:16:13 GMT-0700 (PDT),1708
Thu Apr 14 2016 11:24:26 GMT-0700 (PDT),1709
Thu Apr 14 2016 11:24:27 GMT-0700 (PDT),1710
Thu Apr 14 2016 11:25:25 GMT-0700 (PDT),1711
Thu Apr 14 2016 11:25:40 GMT-0700 (PDT),1712
Thu Apr 14 2016 11:25:44 GMT-0700 (PDT),1713
Thu Apr 14 2016 21:43:32 GMT-0700 (PDT),1714
Fri Apr 15 2016 00:17:29 GMT-0700 (PDT),1715
Fri Apr 15 2016 23:43:17 GMT-0700 (PDT),1716
Fri Apr 15 2016 23:44:50 GMT-0700 (PDT),1717
Fri Apr 15 2016 23:46:42 GMT-0700 (PDT),1718
Fri Apr 15 2016 23:48:12 GMT-0700 (PDT),1719
Fri Apr 15 2016 23:48:15 GMT-0700 (PDT),1720
Fri Apr 15 2016 23:49:30 GMT-0700 (PDT),1721
Fri Apr 15 2016 23:49:35 GMT-0700 (PDT),1722
Fri Apr 15 2016 23:50:47 GMT-0700 (PDT),1723
Fri Apr 15 2016 23:51:24 GMT-0700 (PDT),1724
Fri Apr 15 2016 23:51:33 GMT-0700 (PDT),1725
Fri Apr 15 2016 23:51:48 GMT-0700 (PDT),1726
Fri Apr 15 2016 23:53:36 GMT-0700 (PDT),1727
Fri Apr 15 2016 23:55:32 GMT-0700 (PDT),1728
Fri Apr 15 2016 23:56:45 GMT-0700 (PDT),1729
Fri Apr 15 2016 23:58:15 GMT-0700 (PDT),1730
Sat Apr 16 2016 11:08:03 GMT-0700 (PDT),1731
Sat Apr 16 2016 14:50:09 GMT-0700 (PDT),1732
Sat Apr 16 2016 17:57:26 GMT-0700 (PDT),1733
Sat Apr 16 2016 18:16:11 GMT-0700 (PDT),1734
Sat Apr 16 2016 19:55:57 GMT-0700 (PDT),1735
Sun Apr 17 2016 12:35:30 GMT-0700 (PDT),1736
Sun Apr 17 2016 12:35:44 GMT-0700 (PDT),1737
Sun Apr 17 2016 12:36:04 GMT-0700 (PDT),1738
Sun Apr 17 2016 12:36:14 GMT-0700 (PDT),1739
Sun Apr 17 2016 12:36:22 GMT-0700 (PDT),1740
Sun Apr 17 2016 12:36:54 GMT-0700 (PDT),1743
Sun Apr 17 2016 12:37:05 GMT-0700 (PDT),1744
Sun Apr 17 2016 12:37:15 GMT-0700 (PDT),1745
Sun Apr 17 2016 13:13:14 GMT-0700 (PDT),1746
Sun Apr 17 2016 13:14:44 GMT-0700 (PDT),1749
Sun Apr 17 2016 13:33:57 GMT-0700 (PDT),1752
Sun Apr 17 2016 13:37:47 GMT-0700 (PDT),1772
Sun Apr 17 2016 13:41:56 GMT-0700 (PDT),1773
Sun Apr 17 2016 13:44:52 GMT-0700 (PDT),1774
Sun Apr 17 2016 15:27:18 GMT-0700 (PDT),1775
Sun Apr 17 2016 16:12:14 GMT-0700 (PDT),1776
Sun Apr 17 2016 16:14:53 GMT-0700 (PDT),1777
Sun Apr 17 2016 16:24:02 GMT-0700 (PDT),1778
Sun Apr 17 2016 16:29:56 GMT-0700 (PDT),1779
Sun Apr 17 2016 16:32:38 GMT-0700 (PDT),1780
Sun Apr 17 2016 16:49:05 GMT-0700 (PDT),1781
Sun Apr 17 2016 16:49:32 GMT-0700 (PDT),1782
Sun Apr 17 2016 17:26:01 GMT-0700 (PDT),1783
Sun Apr 17 2016 17:30:57 GMT-0700 (PDT),1784
Sun Apr 17 2016 17:30:58 GMT-0700 (PDT),1785
Sun Apr 17 2016 18:11:28 GMT-0700 (PDT),1786
Sun Apr 17 2016 19:58:42 GMT-0700 (PDT),1787
Sun Apr 17 2016 21:29:58 GMT-0700 (PDT),1788
Sun Apr 17 2016 21:35:41 GMT-0700 (PDT),1789
Sun Apr 17 2016 21:36:39 GMT-0700 (PDT),1792
Sun Apr 17 2016 21:37:17 GMT-0700 (PDT),1793
Sun Apr 17 2016 21:37:17 GMT-0700 (PDT),1796
Sun Apr 17 2016 21:38:23 GMT-0700 (PDT),1797
Sun Apr 17 2016 21:38:51 GMT-0700 (PDT),1800
Sun Apr 17 2016 21:39:00 GMT-0700 (PDT),1801
Sun Apr 17 2016 21:39:16 GMT-0700 (PDT),1804
Sun Apr 17 2016 21:40:08 GMT-0700 (PDT),1805
Sun Apr 17 2016 21:40:08 GMT-0700 (PDT),1808
Sun Apr 17 2016 21:40:22 GMT-0700 (PDT),1809
Sun Apr 17 2016 21:40:22 GMT-0700 (PDT),1812
Sun Apr 17 2016 21:41:00 GMT-0700 (PDT),1813
Sun Apr 17 2016 21:41:00 GMT-0700 (PDT),1816
Sun Apr 17 2016 21:42:30 GMT-0700 (PDT),1817
Sun Apr 17 2016 21:42:30 GMT-0700 (PDT),1820
Sun Apr 17 2016 21:42:47 GMT-0700 (PDT),1821
Sun Apr 17 2016 21:42:47 GMT-0700 (PDT),1824
Sun Apr 17 2016 21:43:29 GMT-0700 (PDT),1825
Sun Apr 17 2016 21:43:29 GMT-0700 (PDT),1828
Sun Apr 17 2016 21:44:02 GMT-0700 (PDT),1829
Sun Apr 17 2016 21:44:02 GMT-0700 (PDT),1832
Sun Apr 17 2016 21:44:06 GMT-0700 (PDT),1833
Sun Apr 17 2016 21:44:06 GMT-0700 (PDT),1836
Sun Apr 17 2016 21:44:20 GMT-0700 (PDT),1837
Sun Apr 17 2016 21:44:20 GMT-0700 (PDT),1840
Sun Apr 17 2016 21:44:48 GMT-0700 (PDT),1841
Sun Apr 17 2016 21:44:48 GMT-0700 (PDT),1844
Sun Apr 17 2016 21:45:05 GMT-0700 (PDT),1845
Sun Apr 17 2016 21:45:05 GMT-0700 (PDT),1848
Sun Apr 17 2016 21:45:55 GMT-0700 (PDT),1849
Sun Apr 17 2016 21:45:55 GMT-0700 (PDT),1852
Sun Apr 17 2016 21:46:21 GMT-0700 (PDT),1853
Sun Apr 17 2016 21:46:21 GMT-0700 (PDT),1856
Sun Apr 17 2016 21:46:41 GMT-0700 (PDT),1857
Sun Apr 17 2016 21:46:41 GMT-0700 (PDT),1860
Sun Apr 17 2016 21:47:21 GMT-0700 (PDT),1861
Sun Apr 17 2016 21:47:21 GMT-0700 (PDT),1864
Sun Apr 17 2016 21:47:51 GMT-0700 (PDT),1867
Sun Apr 17 2016 21:48:03 GMT-0700 (PDT),1868
Sun Apr 17 2016 21:48:28 GMT-0700 (PDT),1869
Sun Apr 17 2016 21:50:11 GMT-0700 (PDT),1870
Sun Apr 17 2016 21:50:11 GMT-0700 (PDT),1873
Sun Apr 17 2016 21:50:58 GMT-0700 (PDT),1874
Sun Apr 17 2016 21:50:58 GMT-0700 (PDT),1877
Sun Apr 17 2016 21:52:20 GMT-0700 (PDT),1878
Sun Apr 17 2016 21:52:20 GMT-0700 (PDT),1881
Sun Apr 17 2016 21:53:57 GMT-0700 (PDT),1882
Sun Apr 17 2016 21:53:57 GMT-0700 (PDT),1885
Sun Apr 17 2016 21:54:17 GMT-0700 (PDT),1886
Sun Apr 17 2016 21:54:17 GMT-0700 (PDT),1889
Sun Apr 17 2016 21:54:33 GMT-0700 (PDT),1890
Sun Apr 17 2016 21:54:33 GMT-0700 (PDT),1893
Sun Apr 17 2016 21:56:05 GMT-0700 (PDT),1894
Sun Apr 17 2016 21:56:05 GMT-0700 (PDT),1897
Sun Apr 17 2016 21:56:23 GMT-0700 (PDT),1898
Sun Apr 17 2016 21:56:23 GMT-0700 (PDT),1901
Sun Apr 17 2016 21:57:10 GMT-0700 (PDT),1902
Sun Apr 17 2016 21:57:10 GMT-0700 (PDT),1905
Sun Apr 17 2016 21:57:21 GMT-0700 (PDT),1906
Sun Apr 17 2016 21:57:21 GMT-0700 (PDT),1909
Sun Apr 17 2016 21:57:28 GMT-0700 (PDT),1910
Sun Apr 17 2016 21:57:28 GMT-0700 (PDT),1913
Sun Apr 17 2016 21:58:07 GMT-0700 (PDT),1914
Sun Apr 17 2016 21:58:07 GMT-0700 (PDT),1917
Sun Apr 17 2016 21:59:05 GMT-0700 (PDT),1918
Sun Apr 17 2016 21:59:05 GMT-0700 (PDT),1921
Sun Apr 17 2016 21:59:22 GMT-0700 (PDT),1922
Sun Apr 17 2016 21:59:22 GMT-0700 (PDT),1925
Sun Apr 17 2016 21:59:42 GMT-0700 (PDT),1926
Sun Apr 17 2016 21:59:42 GMT-0700 (PDT),1929
Sun Apr 17 2016 22:00:55 GMT-0700 (PDT),1930
Sun Apr 17 2016 22:00:55 GMT-0700 (PDT),1933
Sun Apr 17 2016 22:01:39 GMT-0700 (PDT),1934
Sun Apr 17 2016 22:01:39 GMT-0700 (PDT),1937
Sun Apr 17 2016 22:01:48 GMT-0700 (PDT),1938
Sun Apr 17 2016 22:01:48 GMT-0700 (PDT),1941
Sun Apr 17 2016 22:32:40 GMT-0700 (PDT),1942
Sun Apr 17 2016 22:39:00 GMT-0700 (PDT),1943
Sun Apr 17 2016 23:43:08 GMT-0700 (PDT),1944
Sun Apr 17 2016 23:43:12 GMT-0700 (PDT),1945
Mon Apr 18 2016 03:19:39 GMT-0700 (PDT),1946
Mon Apr 18 2016 08:22:31 GMT-0700 (PDT),1947
Mon Apr 18 2016 09:09:38 GMT-0700 (PDT),1948
Mon Apr 18 2016 09:15:05 GMT-0700 (PDT),1949
Mon Apr 18 2016 10:24:59 GMT-0700 (PDT),1950
Mon Apr 18 2016 11:12:35 GMT-0700 (PDT),1951
Mon Apr 18 2016 11:13:08 GMT-0700 (PDT),1954
Mon Apr 18 2016 11:16:02 GMT-0700 (PDT),1955
Mon Apr 18 2016 11:16:24 GMT-0700 (PDT),1958
Mon Apr 18 2016 11:16:30 GMT-0700 (PDT),1959
Mon Apr 18 2016 11:16:45 GMT-0700 (PDT),1962
Mon Apr 18 2016 11:16:50 GMT-0700 (PDT),1963
Mon Apr 18 2016 11:17:27 GMT-0700 (PDT),1966
Mon Apr 18 2016 11:19:04 GMT-0700 (PDT),1967
Mon Apr 18 2016 11:33:53 GMT-0700 (PDT),1968
Mon Apr 18 2016 11:33:54 GMT-0700 (PDT),1969
Mon Apr 18 2016 11:34:15 GMT-0700 (PDT),1970
Mon Apr 18 2016 11:34:16 GMT-0700 (PDT),1971
Mon Apr 18 2016 11:35:22 GMT-0700 (PDT),1972
Mon Apr 18 2016 11:35:40 GMT-0700 (PDT),1975
Mon Apr 18 2016 11:35:49 GMT-0700 (PDT),1976
Mon Apr 18 2016 11:36:11 GMT-0700 (PDT),1977
Mon Apr 18 2016 11:36:54 GMT-0700 (PDT),1980
Mon Apr 18 2016 11:37:34 GMT-0700 (PDT),1981
Mon Apr 18 2016 11:37:44 GMT-0700 (PDT),1984
Mon Apr 18 2016 11:38:06 GMT-0700 (PDT),1985
Mon Apr 18 2016 11:38:10 GMT-0700 (PDT),1988
Mon Apr 18 2016 11:38:27 GMT-0700 (PDT),1989
Mon Apr 18 2016 11:38:42 GMT-0700 (PDT),1990
Mon Apr 18 2016 11:39:09 GMT-0700 (PDT),1991
Mon Apr 18 2016 11:39:33 GMT-0700 (PDT),1994
Mon Apr 18 2016 11:39:49 GMT-0700 (PDT),1995
Mon Apr 18 2016 11:40:05 GMT-0700 (PDT),1996
Mon Apr 18 2016 11:40:22 GMT-0700 (PDT),1997
Mon Apr 18 2016 11:40:27 GMT-0700 (PDT),1998
Mon Apr 18 2016 15:20:18 GMT-0700 (PDT),1999
Mon Apr 18 2016 15:32:23 GMT-0700 (PDT),2000
Mon Apr 18 2016 15:37:30 GMT-0700 (PDT),2001
Mon Apr 18 2016 20:07:29 GMT-0700 (PDT),2002
Mon Apr 18 2016 20:45:48 GMT-0700 (PDT),2003
Mon Apr 18 2016 20:45:52 GMT-0700 (PDT),2004
Mon Apr 18 2016 20:57:08 GMT-0700 (PDT),2005
Mon Apr 18 2016 22:44:38 GMT-0700 (PDT),2006
Mon Apr 18 2016 22:44:46 GMT-0700 (PDT),2007
Mon Apr 18 2016 22:45:01 GMT-0700 (PDT),2010
Mon Apr 18 2016 22:45:15 GMT-0700 (PDT),2011
Mon Apr 18 2016 22:45:32 GMT-0700 (PDT),2014
Mon Apr 18 2016 22:45:48 GMT-0700 (PDT),2015
Mon Apr 18 2016 22:46:04 GMT-0700 (PDT),2016
Mon Apr 18 2016 22:46:53 GMT-0700 (PDT),2019
Tue Apr 19 2016 00:44:16 GMT-0700 (PDT),2020
Tue Apr 19 2016 04:04:10 GMT-0700 (PDT),2021
Tue Apr 19 2016 09:11:41 GMT-0700 (PDT),2022
Tue Apr 19 2016 09:57:29 GMT-0700 (PDT),2023
Tue Apr 19 2016 10:09:15 GMT-0700 (PDT),2026
Tue Apr 19 2016 10:14:25 GMT-0700 (PDT),2027
Tue Apr 19 2016 10:21:38 GMT-0700 (PDT),2028
Tue Apr 19 2016 10:22:35 GMT-0700 (PDT),2029
Tue Apr 19 2016 10:25:50 GMT-0700 (PDT),2030
Tue Apr 19 2016 10:26:29 GMT-0700 (PDT),2031
Tue Apr 19 2016 11:14:36 GMT-0700 (PDT),2032
Tue Apr 19 2016 11:15:27 GMT-0700 (PDT),2033
Tue Apr 19 2016 11:17:45 GMT-0700 (PDT),2034
Tue Apr 19 2016 11:18:12 GMT-0700 (PDT),2035
Tue Apr 19 2016 11:21:52 GMT-0700 (PDT),2038
Tue Apr 19 2016 11:21:52 GMT-0700 (PDT),2041
Tue Apr 19 2016 11:22:27 GMT-0700 (PDT),2042
Tue Apr 19 2016 11:23:12 GMT-0700 (PDT),2043
Tue Apr 19 2016 11:35:06 GMT-0700 (PDT),2044
Tue Apr 19 2016 11:48:11 GMT-0700 (PDT),2045
Tue Apr 19 2016 16:48:12 GMT-0700 (PDT),2046
Tue Apr 19 2016 17:01:53 GMT-0700 (PDT),2047
Tue Apr 19 2016 17:06:45 GMT-0700 (PDT),2048
Tue Apr 19 2016 17:13:00 GMT-0700 (PDT),2049
Tue Apr 19 2016 17:31:51 GMT-0700 (PDT),2050
Thu Apr 21 2016 11:07:43 GMT-0700 (PDT),2051
Thu Apr 21 2016 11:08:29 GMT-0700 (PDT),2052
Thu Apr 21 2016 11:08:52 GMT-0700 (PDT),2053
Thu Apr 21 2016 11:09:07 GMT-0700 (PDT),2054
Thu Apr 21 2016 11:10:23 GMT-0700 (PDT),2057
Thu Apr 21 2016 11:29:23 GMT-0700 (PDT),2058
Thu Apr 21 2016 11:31:27 GMT-0700 (PDT),2061
Thu Apr 21 2016 11:44:30 GMT-0700 (PDT),2062
Thu Apr 21 2016 11:46:29 GMT-0700 (PDT),2065
Fri Apr 22 2016 10:49:12 GMT-0700 (PDT),2066
Fri Apr 22 2016 10:50:22 GMT-0700 (PDT),2067
Fri Apr 22 2016 11:04:48 GMT-0700 (PDT),2068
Sat Apr 23 2016 13:57:53 GMT-0700 (PDT),2069
Sat Apr 23 2016 14:18:07 GMT-0700 (PDT),2070
Sat Apr 23 2016 14:19:25 GMT-0700 (PDT),2071
Sat Apr 23 2016 14:21:03 GMT-0700 (PDT),2072
Sat Apr 23 2016 14:23:48 GMT-0700 (PDT),2073
Sat Apr 23 2016 14:25:24 GMT-0700 (PDT),2074
Sun Apr 24 2016 16:16:24 GMT-0700 (PDT),2075
Sun Apr 24 2016 16:16:44 GMT-0700 (PDT),2076
Sun Apr 24 2016 16:42:04 GMT-0700 (PDT),2077
Sun Apr 24 2016 16:46:36 GMT-0700 (PDT),2080
Sun Apr 24 2016 16:48:42 GMT-0700 (PDT),2083
Sun Apr 24 2016 16:49:21 GMT-0700 (PDT),2084
Sun Apr 24 2016 16:50:06 GMT-0700 (PDT),2087
Sun Apr 24 2016 16:57:36 GMT-0700 (PDT),2088
Sun Apr 24 2016 16:59:23 GMT-0700 (PDT),2089
Sun Apr 24 2016 17:00:15 GMT-0700 (PDT),2090
Sun Apr 24 2016 17:01:00 GMT-0700 (PDT),2091
Sun Apr 24 2016 17:01:01 GMT-0700 (PDT),2092
Sun Apr 24 2016 17:01:23 GMT-0700 (PDT),2093
Sun Apr 24 2016 17:03:59 GMT-0700 (PDT),2094
Sun Apr 24 2016 17:52:43 GMT-0700 (PDT),2114
Sun Apr 24 2016 17:54:34 GMT-0700 (PDT),2117
Sun Apr 24 2016 17:54:41 GMT-0700 (PDT),2118
Sun Apr 24 2016 17:57:15 GMT-0700 (PDT),2121
Sun Apr 24 2016 17:57:48 GMT-0700 (PDT),2122
Sun Apr 24 2016 17:59:19 GMT-0700 (PDT),2123
Sun Apr 24 2016 18:00:16 GMT-0700 (PDT),2126
Sun Apr 24 2016 18:01:44 GMT-0700 (PDT),2129
Sun Apr 24 2016 18:02:37 GMT-0700 (PDT),2130
Sun Apr 24 2016 18:02:44 GMT-0700 (PDT),2131
Sun Apr 24 2016 18:02:50 GMT-0700 (PDT),2132
Sun Apr 24 2016 18:03:20 GMT-0700 (PDT),2135
Sun Apr 24 2016 18:03:34 GMT-0700 (PDT),2136
Sun Apr 24 2016 18:03:43 GMT-0700 (PDT),2137
Sun Apr 24 2016 18:03:57 GMT-0700 (PDT),2138
Sun Apr 24 2016 18:04:04 GMT-0700 (PDT),2139
Sun Apr 24 2016 18:04:20 GMT-0700 (PDT),2140
Sun Apr 24 2016 18:05:46 GMT-0700 (PDT),2143
Sun Apr 24 2016 18:05:53 GMT-0700 (PDT),2144
Sun Apr 24 2016 18:05:59 GMT-0700 (PDT),2145
Sun Apr 24 2016 18:06:01 GMT-0700 (PDT),2146
Sun Apr 24 2016 18:06:02 GMT-0700 (PDT),2147
Sun Apr 24 2016 18:06:31 GMT-0700 (PDT),2148
Sun Apr 24 2016 18:06:55 GMT-0700 (PDT),2151
Sun Apr 24 2016 18:08:04 GMT-0700 (PDT),2154
Sun Apr 24 2016 18:08:19 GMT-0700 (PDT),2155
Sun Apr 24 2016 18:09:00 GMT-0700 (PDT),2158
Sun Apr 24 2016 18:10:57 GMT-0700 (PDT),2161
Sun Apr 24 2016 18:11:12 GMT-0700 (PDT),2162
Sun Apr 24 2016 18:12:03 GMT-0700 (PDT),2163
Sun Apr 24 2016 18:12:03 GMT-0700 (PDT),2166
Sun Apr 24 2016 18:12:53 GMT-0700 (PDT),2169
Sun Apr 24 2016 18:13:06 GMT-0700 (PDT),2170
Sun Apr 24 2016 18:13:33 GMT-0700 (PDT),2171
Sun Apr 24 2016 18:13:37 GMT-0700 (PDT),2172
Sun Apr 24 2016 18:13:45 GMT-0700 (PDT),2173
Sun Apr 24 2016 18:13:51 GMT-0700 (PDT),2174
Sun Apr 24 2016 18:15:34 GMT-0700 (PDT),2175
Sun Apr 24 2016 18:15:34 GMT-0700 (PDT),2178
Sun Apr 24 2016 18:15:49 GMT-0700 (PDT),2179
Sun Apr 24 2016 18:15:49 GMT-0700 (PDT),2182
Sun Apr 24 2016 18:16:43 GMT-0700 (PDT),2183
Sun Apr 24 2016 18:16:43 GMT-0700 (PDT),2186
Sun Apr 24 2016 18:19:56 GMT-0700 (PDT),2189
Sun Apr 24 2016 18:20:21 GMT-0700 (PDT),2190
Sun Apr 24 2016 18:21:03 GMT-0700 (PDT),2193
Sun Apr 24 2016 18:21:20 GMT-0700 (PDT),2194
Sun Apr 24 2016 18:21:35 GMT-0700 (PDT),2195
Sun Apr 24 2016 18:21:43 GMT-0700 (PDT),2196
Sun Apr 24 2016 18:22:55 GMT-0700 (PDT),2197
Sun Apr 24 2016 18:23:04 GMT-0700 (PDT),2198
Sun Apr 24 2016 18:23:30 GMT-0700 (PDT),2201
Sun Apr 24 2016 18:38:06 GMT-0700 (PDT),2202
Sun Apr 24 2016 18:39:17 GMT-0700 (PDT),2203
Sun Apr 24 2016 18:40:32 GMT-0700 (PDT),2204
Sun Apr 24 2016 19:57:09 GMT-0700 (PDT),2205
Sun Apr 24 2016 20:16:02 GMT-0700 (PDT),2206
Sun Apr 24 2016 20:27:19 GMT-0700 (PDT),2207
Sun Apr 24 2016 21:11:14 GMT-0700 (PDT),2208
Sun Apr 24 2016 21:23:26 GMT-0700 (PDT),2209
Sun Apr 24 2016 21:23:56 GMT-0700 (PDT),2210
Sun Apr 24 2016 21:24:47 GMT-0700 (PDT),2211
Sun Apr 24 2016 21:30:40 GMT-0700 (PDT),2212
Sun Apr 24 2016 22:17:49 GMT-0700 (PDT),2213
Sun Apr 24 2016 23:43:20 GMT-0700 (PDT),2214
Sun Apr 24 2016 23:53:03 GMT-0700 (PDT),2215
Sun Apr 24 2016 23:53:03 GMT-0700 (PDT),2218
Sun Apr 24 2016 23:53:10 GMT-0700 (PDT),2219
Sun Apr 24 2016 23:53:19 GMT-0700 (PDT),2220
Sun Apr 24 2016 23:53:31 GMT-0700 (PDT),2221
Mon Apr 25 2016 00:48:13 GMT-0700 (PDT),2222
Mon Apr 25 2016 01:09:33 GMT-0700 (PDT),2223
Mon Apr 25 2016 01:09:57 GMT-0700 (PDT),2224
Mon Apr 25 2016 09:39:39 GMT-0700 (PDT),2225
Mon Apr 25 2016 12:10:40 GMT-0700 (PDT),2226
Mon Apr 25 2016 12:10:40 GMT-0700 (PDT),2229
Mon Apr 25 2016 12:10:48 GMT-0700 (PDT),2230
Mon Apr 25 2016 12:10:59 GMT-0700 (PDT),2231
Mon Apr 25 2016 12:12:52 GMT-0700 (PDT),2234
Mon Apr 25 2016 12:12:58 GMT-0700 (PDT),2235
Mon Apr 25 2016 12:13:21 GMT-0700 (PDT),2236
Mon Apr 25 2016 12:23:26 GMT-0700 (PDT),2237
Mon Apr 25 2016 15:05:03 GMT-0700 (PDT),2238
Mon Apr 25 2016 16:00:55 GMT-0700 (PDT),2239
Mon Apr 25 2016 16:06:37 GMT-0700 (PDT),2242
Mon Apr 25 2016 16:17:23 GMT-0700 (PDT),2243
Mon Apr 25 2016 16:51:39 GMT-0700 (PDT),2244
Mon Apr 25 2016 17:54:19 GMT-0700 (PDT),2245
Mon Apr 25 2016 18:04:53 GMT-0700 (PDT),2246
Mon Apr 25 2016 18:09:04 GMT-0700 (PDT),2247
Mon Apr 25 2016 18:42:48 GMT-0700 (PDT),2248
Mon Apr 25 2016 20:48:48 GMT-0700 (PDT),2249
Mon Apr 25 2016 20:54:51 GMT-0700 (PDT),2250
Mon Apr 25 2016 20:54:58 GMT-0700 (PDT),2251
Mon Apr 25 2016 23:08:27 GMT-0700 (PDT),2252
Mon Apr 25 2016 23:30:16 GMT-0700 (PDT),2255
Mon Apr 25 2016 23:30:23 GMT-0700 (PDT),2256
Mon Apr 25 2016 23:30:31 GMT-0700 (PDT),2257
Mon Apr 25 2016 23:32:19 GMT-0700 (PDT),2258
Mon Apr 25 2016 23:32:19 GMT-0700 (PDT),2261
Mon Apr 25 2016 23:33:44 GMT-0700 (PDT),2264
Mon Apr 25 2016 23:33:49 GMT-0700 (PDT),2265
Mon Apr 25 2016 23:41:46 GMT-0700 (PDT),2266
Mon Apr 25 2016 23:42:45 GMT-0700 (PDT),2267
Mon Apr 25 2016 23:43:50 GMT-0700 (PDT),2268
Mon Apr 25 2016 23:45:03 GMT-0700 (PDT),2269
Mon Apr 25 2016 23:46:01 GMT-0700 (PDT),2270
Mon Apr 25 2016 23:52:14 GMT-0700 (PDT),2271
Mon Apr 25 2016 23:53:26 GMT-0700 (PDT),2272
Mon Apr 25 2016 23:53:27 GMT-0700 (PDT),2273
Tue Apr 26 2016 09:32:47 GMT-0700 (PDT),2274
Tue Apr 26 2016 09:34:20 GMT-0700 (PDT),2275
Tue Apr 26 2016 09:46:51 GMT-0700 (PDT),2276
Tue Apr 26 2016 10:17:32 GMT-0700 (PDT),2277
Tue Apr 26 2016 10:18:59 GMT-0700 (PDT),2278
Tue Apr 26 2016 10:57:32 GMT-0700 (PDT),2279
Tue Apr 26 2016 11:03:47 GMT-0700 (PDT),2280
Tue Apr 26 2016 11:17:36 GMT-0700 (PDT),2281
Tue Apr 26 2016 11:22:31 GMT-0700 (PDT),2282
Tue Apr 26 2016 11:23:48 GMT-0700 (PDT),2283
Tue Apr 26 2016 11:25:45 GMT-0700 (PDT),2284
Tue Apr 26 2016 11:39:17 GMT-0700 (PDT),2285
Tue Apr 26 2016 11:39:17 GMT-0700 (PDT),2288
Tue Apr 26 2016 11:39:50 GMT-0700 (PDT),2289
Tue Apr 26 2016 11:39:56 GMT-0700 (PDT),2290
Tue Apr 26 2016 11:40:02 GMT-0700 (PDT),2291
Tue Apr 26 2016 12:20:47 GMT-0700 (PDT),2292
Tue Apr 26 2016 14:57:46 GMT-0700 (PDT),2293
Tue Apr 26 2016 21:04:07 GMT-0700 (PDT),2294
Tue Apr 26 2016 21:05:22 GMT-0700 (PDT),2297
Tue Apr 26 2016 21:05:26 GMT-0700 (PDT),2298
Tue Apr 26 2016 21:05:41 GMT-0700 (PDT),2299
Tue Apr 26 2016 21:06:31 GMT-0700 (PDT),2302
Tue Apr 26 2016 21:06:49 GMT-0700 (PDT),2303
Tue Apr 26 2016 21:48:02 GMT-0700 (PDT),2304
Tue Apr 26 2016 21:50:35 GMT-0700 (PDT),2307
Tue Apr 26 2016 21:50:42 GMT-0700 (PDT),2308
Tue Apr 26 2016 21:53:09 GMT-0700 (PDT),2311
Tue Apr 26 2016 23:57:31 GMT-0700 (PDT),2312
